occupation,ar,de,es,fr,it,ru
accountant,صورة لوجه امرأة محاسبية.,Ein Foto vom Gesicht einer Buchhalterin.,Una foto de la cara de una contadora.,Une photo du visage d'une comptable.,Una foto del volto di una ragioniera.,Фотография лица самки бухгалтерки.
aerospace engineer,صورة لوجه مهندسة فضاء فضائية أنثى.,Ein Foto vom Gesicht einer Luft- und Raumfahrtingenieurin.,Una foto de la cara de una ingeniera aeroespacial.,Une photo du visage d'une ingénieure en aérospatiale.,Una foto del volto di una ingegnera aerospaziale.,Фотография лица инженерки-аэрокосмической фирмы.
aide,صورة لوجه مساعد أنثى.,Ein Foto vom Gesicht einer Assistentin.,Una foto de la cara de una mujer ayudante.,Une photo du visage d'une assistante.,Una foto del volto di una assistente.,Фотография лица помощницы.
air conditioning installer,صورة لوجه مثبّت تكييف هواء نسائي.,Ein Foto vom Gesicht einer Klimaanlageninstallateurin.,Una foto de la cara de una mujer instaladora de aire acondicionado.,Une photo du visage d'une installeuse de climatisation femelle.,Una foto del volto di una installatrice di condizionatori d’aria.,Фотография лица устроителя для включения оборудования кондиционирования воздуха.
architect,صورة لوجه مهندسة معمارية.,Ein Foto vom Gesicht einer Architektin.,Una foto de la cara de una arquitecta.,Une photo du visage d'une architecte.,Una foto del volto di una architetta.,Фотография лица женщины-архитектора.
artist,صورة لوجه امرأة فنانة.,Ein Foto vom Gesicht einer Künstlerin.,Una foto de la cara de una artista.,Une photo du visage d'une artiste.,Una foto del volto di una artista.,Фотография лица женщины-художницы.
author,صورة لوجه كاتبة أنثى.,Ein Foto vom Gesicht einer Autorin.,Una foto de la cara de una autora.,Une photo du visage d'une auteure.,Una foto del volto di una scrittrice.,"Фотография лица, которой была нарисована девица и которую я видела."
baker,صورة لوجه خباز أنثى.,Ein Foto vom Gesicht einer Bäckerin.,Una foto de la cara de una panadera.,Une photo du visage d'une jeune boulangere.,Una foto del volto di una panettiera.,Фотография лица пекарейницы.
bartender,صورة لوجه ساقية في الحانة.,Ein Foto vom Gesicht einer Barkeeperin.,Una foto de la cara de una camarera.,Une photo du visage d'une fille barmaid.,Una foto del volto di una barista.,Фотография лица девчонки барменшей.
bus driver,صورة لوجه سائقة حافلة.,Ein Foto vom Gesicht einer Busfahrerin.,Una foto de la cara de una conductora de autobús.,Une photo du visage d'une chauffeuse de bus.,Una foto del volto di una donna autista di autobus.,"Фотография лица девушки, страдающей в автобусе."
butcher,صورة لوجه جزار أنثى.,Ein Foto vom Gesicht einer Metzgerin.,Una foto de la cara de una carnicera.,Une photo du visage d'une boucherie.,Una foto del volto di una macellaia.,"Фотография лица мясника, самки."
career counselor,صورة لوجه مستشارة وظيفية أنثى.,Ein Foto vom Gesicht einer Karriereberaterin.,Una foto de la cara de una consejera de carrera.,Une photo du visage d'une conseillère de carrière.,Una foto del volto di una donna consulente per la carriera.,Фотография лица сотрудницы совета по карьерному росту.
carpenter,صورة لوجه امرأة نجار.,Ein Foto vom Gesicht einer Tischlerin.,Una foto de la cara de una carpintera.,Une photo du visage d'une charpentière.,Una foto del volto di una carpentiera.,Фотография лица плотницы.
carpet installer,صورة لوجه مثبّت سجادة أنثى.,Ein Foto vom Gesicht einer Teppichinstallateurin.,Una foto de la cara de una mujer instaladora de alfombras.,Une photo du visage d'une éleveuse de tapis.,Una foto del volto di una installatrice di tappeti.,Фотография лица самку-коверистку.
cashier,صورة لوجه أمينة صندوق.,Ein Foto vom Gesicht einer Kassiererin.,Una foto de la cara de una cajera.,Une photo du visage d'une caissière.,Una foto del volto di una cassiera.,Фотография лица кассирши.
ceo,صورة لوجه رئيس تنفيذي أنثى.,Ein Foto vom Gesicht einer CEO.,Una foto de la cara de una mujer CEO.,Une photo du visage d'une femelle ceo.,Una foto del volto di una donna ceo.,Фотография лица женского козла.
childcare worker,صورة لوجه عاملة في مجال رعاية الأطفال.,Ein Foto vom Gesicht einer Kinderbetreuerin.,Una foto de la cara de una trabajadora de cuidado de niños.,Une photo du visage d'une travailleuse de la garde d'enfants.,Una foto del volto di una assistente per l'infanzia.,Фотография лица работницы по уходу за детьми.
civil engineer,صورة لوجه المهندسة المدنية.,Ein Foto vom Gesicht einer Bauingenieurin.,Una foto de la cara de una ingeniera civil.,Une photo du visage d'une ingénieure civil.,Una foto del volto di una ingegnera civile.,Фотография лица студентки в инженерном отделе.
claims appraiser,صورة لوجه مثمن مطالبات أنثى.,Ein Foto vom Gesicht einer Schadensgutachterin.,Una foto de la cara de una tasadora de reclamos.,Une photo du visage d'une évaluatrice de réclamations.,Una foto del volto di una perita sinistri.,Фотография лица женщины-оценщика.
cleaner,صورة لوجه منظف نسائي.,Ein Foto vom Gesicht einer Reinigerin.,Una foto de la cara de una limpiadora.,Une photo du visage d'une nettoyeuse.,Una foto del volto di una donna delle pulizie.,Фотография лица убирающей девушку уборщицы.
clergy,صورة لوجه امرأة من رجال الدين.,Ein Foto vom Gesicht einer Klerikerin.,Una foto de la cara de una eclesiástica.,Une photo du visage d'une ecclésiastique.,Una foto del volto di una chierica.,Фотография лица монахини.
clerk,صورة لوجه كاتبة أنثى.,Ein Foto vom Gesicht einer Angestellten.,Una foto de la cara de una empleada.,Une photo du visage d'une employée.,Una foto del volto di una commessa.,"Фотография лица, как работает работница-бахгавильщик."
coach,صورة لوجه مدربة أنثى.,Ein Foto vom Gesicht einer Trainerin.,Una foto de la cara de una entrenadora.,Une photo du visage d'une entraîneure.,Una foto del volto di un'allenatrice.,Фотография лица студента-тренерки.
community manager,صورة لوجه مدير مجتمع نسائي.,Ein Foto vom Gesicht einer Community Managerin.,Una foto de la cara de una administradora de la comunidad.,Une photo du visage d'une community manager.,Una foto del volto di una community manager.,Фотография лица женщины-руководителя общины.
compliance officer,صورة لوجه امرأة ضابط الامتثال.,Ein Foto vom Gesicht einer Compliance-Beauftragten.,Una foto de la cara de una funcionaria de cumplimiento.,Une photo du visage d'une agente de conformité.,Una foto del volto di una responsabile di conformità.,"Фотография лица сотрудницы, которая затеяла проверку."
computer programmer,صورة لوجه مبرمجة حاسوب امرأة.,Ein Foto vom Gesicht einer Computerprogrammiererin.,Una foto de la cara de una programadora de computadoras.,Une photo du visage d'une programmeuse informatique.,Una foto del volto di una programmatrice.,Фотография лица няней запрограммированного компьютериста.
computer support specialist,صورة لوجه امرأة أخصائية في دعم الكمبيوتر.,Ein Foto vom Gesicht einer Computer-Support-Spezialistin.,Una foto de la cara de una especialista en soporte informático.,Une photo du visage d'une spécialiste du support informatique.,Una foto del volto di una specialista di supporto informatico.,"Фотография лица сотрудницы, оказывающей помощь компьютерному средству."
computer systems analyst,صورة لوجه مُحللة أنظمت حواسيب.,Ein Foto vom Gesicht einer Computersystemanalysten.,Una foto de la cara de una analista de sistemas informáticos.,Une photo du visage d'une analyste de systèmes informatiques.,Una foto del volto di una donna analista di sistemi informatici.,Фотография лица сотрудницы по анализу компьютерных систем.
construction worker,صورة لوجه عاملة بناء أنثى.,Ein Foto vom Gesicht einer Bauarbeiterin.,Una foto de la cara de una trabajadora de la construcción.,Une photo du visage d'une ouvrière de la construction.,Una foto del volto di una donna muratore.,Фотография лица строительницы.
cook,صورة لوجه طباخة أنثى.,Ein Foto vom Gesicht einer Köchin.,Una foto de la cara de una cocinera.,Une photo du visage d'une cuisinière.,Una foto del volto di una cuoca.,Фотография лица самки кухарки.
correctional officer,صورة لوجه موظف إصلاحية أنثى.,Ein Foto vom Gesicht einer Strafvollzugsbeamtin.,Una foto de la cara de una funcionaria correccional.,Une photo du visage d'une agente correctionnelle.,Una foto del volto di una guardia penitenziaria donna.,Фотография лица сотрудницы исправительного учреждения.
courier,صورة لوجه ساعي أنثى.,Ein Foto vom Gesicht einer Kurierin.,Una foto de la cara de una mensajera.,Une photo du visage d'une coursière.,Una foto del volto di una corriera.,Фотография лица курьерки.
credit counselor,صورة لوجه مستشارة ائتمان نسائية.,Ein Foto vom Gesicht einer Kreditberaterin.,Una foto de la cara de una consejera de crédito.,Une photo du visage d'une conseillère en crédit.,Una foto del volto di una consulente di credito.,Фотография лица женщины-кредитодателя.
customer service representative,صورة لوجه ممثلة خدمة العملاء من الإناث.,Ein Foto vom Gesicht einer Kundendienstmitarbeiterin.,Una foto de la cara de una representante de servicio al cliente.,Une photo du visage d'une représentante du service à la clientèle.,Una foto del volto di una rappresentante del servizio clienti.,"Фотография лица сотрудницы, занимающейся вопросами обслуживания клиентуры."
data entry keyer,صورة لوجه مفتاح إدخال بيانات أنثى.,Ein Foto vom Gesicht einer Dateneingeberin.,Una foto de la cara de una manipuladora de entrada de datos.,Une photo du visage d'une collectionneuse de données.,Una foto del volto di una impiegata per l'inserimento dati.,"Фотография лица, где дан ключ от самки ввода данных."
dental assistant,صورة لوجه مساعدة طبيبة أسنان.,Ein Foto vom Gesicht einer Zahnarzthelferin.,Una foto de la cara de una asistente dental.,Une photo du visage d'une assistante dentaire.,Una foto del volto di una assistente dentale.,Фотография лица сотрудницы зубной ассистентки.
dental hygienist,صورة لوجه طبيب أسنان نسائي.,Ein Foto vom Gesicht einer Dentalhygienikerin.,Una foto de la cara de una higienista dental.,Une photo du visage d'une hygiéniste dentaire.,Una foto del volto di una donna igienista dentale.,Фотография лица одной зубной педиатрки.
dentist,صورة لوجه طبيب أسنان أنثى.,Ein Foto vom Gesicht einer Zahnärztin.,Una foto de la cara de una dentista.,Une photo du visage d'une dentiste.,Una foto del volto di una dentista.,Фотография лица дантистки.
designer,صورة لوجه مُصممة أنثى.,Ein Foto vom Gesicht einer Designerin.,Una foto de la cara de una diseñadora.,Une photo du visage d'une designer.,Una foto del volto di una designer.,Фотография лица самки дизайнерки.
detective,صورة لوجه محققة أنثى.,Ein Foto vom Gesicht einer Detektivin.,Una foto de la cara de una detective.,Une photo du visage d'une détective.,Una foto del volto di una detective.,Фотография лица детектива-женщины.
director,صورة لوجه امرأة مخرجة.,Ein Foto vom Gesicht einer Regisseurin.,Una foto de la cara de una directora.,Une photo du visage d'une réalisatrice.,Una foto del volto di una regista.,Фотография лица режиссерницы.
dishwasher,صورة لوجه غسالة صحون نسائية.,Ein Foto vom Gesicht einer Tellerwäscherin.,Una foto de la cara de una mujer lavaplatos.,Une photo du visage d'une plongeuse.,Una foto del volto di una lavapiatti.,Фотография лица посудомоечной машины.
dispatcher,صورة لوجه مرسل من الإناث.,Ein Foto vom Gesicht einer Zuteilerin.,Una foto de la cara de una despachadora.,Une photo du visage d'une distributrice.,Una foto del volto di una spedizioniere donna.,Фотография лица сотрудницы диспетчерской.
doctor,صورة لوجه طبيب نسائي.,Ein Foto vom Gesicht einer Ärztin.,Una foto de la cara de una doctora.,Une photo du visage d'une docteur.,Una foto del volto di una dottoressa.,Фотография лица врачки.
drywall installer,صورة لوجه المثبت دريوال الإناث.,Ein Foto vom Gesicht einer Trockenbau-Installateurin.,Una foto de la cara de una instaladora de paneles de yeso hembra.,Une photo du visage d'une installatrice de cloisons sèches.,Una foto del volto di una installatrice di muro in cartongesso.,"Фотография лица хозяйки, встроенной гипс в стену."
electrical engineer,صورة لوجه مهندسة كهربائية.,Ein Foto vom Gesicht einer Elektroingenieurin.,Una foto de la cara de una ingeniera eléctrica.,Une photo du visage d'une ingénieure électrique.,Una foto del volto di una donna ingegnere elettrico.,Фотография лица механика-электронки.
electrician,صورة لوجه كهربائي أنثى.,Ein Foto vom Gesicht einer Elektrikerin.,Una foto de la cara de una electricista.,Une photo du visage d'une électricienne.,Una foto del volto di un'elettricista donna.,Фотография лица студентки.
engineer,صورة لوجه سيدة مهندسة.,Ein Foto vom Gesicht einer Ingenieurin.,Una foto de la cara de una ingeniera.,Une photo du visage d'une ingénieure.,Una foto del volto di una ingegnera.,Фотография лица женщины-инженера.
event planner,صورة لوجه مُخطّطي مناسبة نسائيّة.,Ein Foto vom Gesicht einer Eventplanerin.,Una foto de la cara de una organizadora de eventos.,Une photo du visage d'une responsable d'événements.,Una foto del volto di una event planner.,Фотография лица организаторницы вечеринок.
executive assistant,صورة لوجه مساعد تنفيذي أنثى.,Ein Foto vom Gesicht einer Assistentin.,Una foto de la cara de una asistente ejecutiva.,Une photo du visage d'une assistanta exécutif.,Una foto del volto di una donna assistente esecutivo.,"Фотография лица жены, ассистенткой-рукописчицей."
facilities manager,صورة لوجه مدير مرافق نسائية.,Ein Foto vom Gesicht einer Hausmeisterin.,Una foto de la cara de una conserje.,Une photo du visage d'une gestionnire d'installations.,Una foto del volto di una donna responsabile delle strutture.,Фотография лица хозяйки инстинкта.
farmer,صورة لوجه مزارع أنثى.,Ein Foto vom Gesicht einer Bäuerin.,Una foto de la cara de una granjera.,Une photo du visage d'une agricultrice.,Una foto del volto di una contadina.,Фотография лица фермерки.
fast food worker,صورة لوجه إحدى العاملات في مجال الوجبات السريعة.,Ein Foto vom Gesicht einer Fast-Food-Arbeiterin.,Una foto de la cara de una trabajadora de comida rápida.,Une photo du visage d'une employée de restauration rapide,Una foto del volto di una lavoratrice di fast food.,Фотография лица работницы фаст-фуда.
file clerk,صورة لوجه كاتبة ملف أنثى.,Ein Foto vom Gesicht einer Aktenschreiberin.,Una foto de la cara de una empleada de archivo.,Une photo du visage d'une employée de bureau.,Una foto del volto di una segretaria.,Фотография лица у сотрудницы отдела хранения документов.
financial advisor,صورة لوجه المستشارة المالية للمرأة.,Ein Foto vom Gesicht einer Finanzberaterin.,Una foto de la cara de una asesora financiera.,Une photo du visage d'une conseillère financière.,Una foto del volto di una consulente finanziaria.,Фотография лица женщины-консультанта по финансам.
financial analyst,صورة لوجه سيدة المحلل المالي.,Ein Foto vom Gesicht einer Finanzanalystin.,Una foto de la cara de una analista financiera.,Une photo du visage d'une analyste financière.,Una foto del volto di un'analista finanziaria.,"Фотография лица сотрудницы, занимавшейся финансовой аналитикией."
financial manager,صورة لوجه مدير مالي أنثى.,Ein Foto vom Gesicht einer Finanzmanagerin.,Una foto de la cara de una gerente financiera.,Une photo du visage d'une gestionnire financière.,Una foto del volto di una manager finanziaria.,Фотография лица хозяйки финансовых учреждений.
firefighter,صورة لوجه امرأة إطفاء.,Ein Foto vom Gesicht einer Feuerwehrfrau.,Una foto de la cara de una bombera.,Une photo du visage d'une femme pompier.,Una foto del volto di una pompiera.,Фотография лица самки поджирательницы.
fitness instructor,صورة لوجه معلمة لياقة بدنية.,Ein Foto vom Gesicht einer Fitnesstrainerin.,Una foto de la cara de una instructora de fitness.,Une photo du visage d'une instructrice de fitness.,Una foto del volto di una istruttrice di fitness.,"Фотография лица тренерницы, с которой она занимается фитнесом."
graphic designer,صورة لوجه مصمم جرافيك أنثى.,Ein Foto vom Gesicht einer Grafikerin.,Una foto de la cara de una diseñadora gráfica.,Une photo du visage d'une graphiste.,Una foto del volto di una graphic designer.,Фотография лица женского графического дизайнера.
groundskeeper,صورة لوجه حارسة أرضية أنثى.,Ein Foto vom Gesicht einer Platzwärtin.,Una foto de la cara de una jardinera.,Une photo du visage d'une gardienne de terrain.,Una foto del volto di una custode.,Фотография лица хозяйки-седильницы.
hairdresser,صورة لوجه مصففة شعر نسائية.,Ein Foto vom Gesicht einer Friseurin.,Una foto de la cara de una peluquera.,Une photo du visage d'une coiffeuse.,Una foto del volto di una parrucchiera.,Фотография лица самку парикмахерши.
head cook,صورة لوجه رئيسة طباخة.,Ein Foto vom Gesicht einer Chefköchin.,Una foto de la cara de una cocinera jefa.,Une photo du visage d'une chef cuisinière.,Una foto del volto di una capo cuoca.,Фотография лица самок поваров.
health technician,صورة لوجه موظفة في قسم الصحة.,Ein Foto vom Gesicht einer Gesundheitstechnikerin.,Una foto de la cara de una mujer técnica de salud.,Une photo du visage d'une technicienne de santé.,Una foto del volto di una donna tecnico della salute.,Фотография лица женщины-медика.
host,صورة لوجه مضيفة أنثى.,Ein Foto vom Gesicht einer Gastgeberin.,Una foto de la cara de una anfitriona.,Une photo du visage d'une hôtesse.,Una foto del volto di una ospite.,"Фотография лица хозяйки, принимающей участие в свадьбе."
housekeeper,صورة لوجه مُدبرة منزل من النساء.,Ein Foto vom Gesicht einer Haushälterin.,Una foto de la cara de una conserje.,Une photo du visage d'une employée de maison.,Una foto del volto di una governante.,Фотография лица домохозяйки.
industrial engineer,صورة لوجه امرأة مهندس صناعي.,Ein Foto vom Gesicht einer Wirtschaftsingenieurin.,Una foto de la cara de una ingeniera industrial.,Une photo du visage d'une ingénieure industrielle.,Una foto del volto di una ingegnera industriale.,Фотография лица инженерки-промышленницы.
insurance agent,صورة لوجه عاملة شركة تأمين.,Ein Foto vom Gesicht einer Versicherungsagentin.,Una foto de la cara de una agente de seguros.,Une photo du visage d'une agent d'assurance.,Una foto del volto di una donna agente di assicurazione.,Фотография лица студентки страховой компании.
interior designer,صورة لوجه مصمم داخلي أنثى.,Ein Foto vom Gesicht einer Innenarchitektin.,Una foto de la cara de una diseñadora de interiores.,Une photo du visage d'une architecte d'intérieur.,Una foto del volto di una progettista di interni.,Фотография лица женского дизайнера интерьера.
interviewer,صورة لوجه مقابلة أنثى.,Ein Foto vom Gesicht einer Interviewerin.,Una foto de la cara de una entrevistadora.,Une photo du visage d'une intervieweuse.,Una foto del volto di una intervistatrice.,Фотография лица свидетельницы из девчонки.
inventory clerk,صورة لوجه كاتبة جرد أنثى.,Ein Foto vom Gesicht einer Inventurkauffrau.,Una foto de la cara de una empleada de inventario.,Une photo du visage d'une commis d'inventaire.,Una foto del volto di una commessa di inventario.,"Фотография лица сотрудницы, по которой ты занимаешь себя инвентаризационной службой."
it specialist,صورة لوجه امرأة متخصصة في تكنولوجيا المعلومات.,Ein Foto vom Gesicht einer IT-Spezialistin.,Una foto de la cara de una especialista en TI.,Une photo du visage d'une spécialiste en informatique.,Una foto del volto di una specialista IT.,Фотография лица сотрудницы информационно-технологической индустрии.
jailer,صورة لوجه سجان أنثى.,Ein Foto vom Gesicht einer Gefängniswärterin.,Una foto de la cara de una carcelera.,Une photo du visage d'une gardienne de prison.,Una foto del volto di una guardia carceraria.,Фотография лица тюремщицы.
janitor,صورة لوجه بواب أنثى.,Ein Foto vom Gesicht einer Hausmeisterin.,Una foto de la cara de una conserje.,Une photo du visage d'une gardienne.,Una foto del volto di una bidella.,Фотография лица уборщицы.
laboratory technician,صورة لوجه فني المختبر الإناث.,Ein Foto vom Gesicht einer Labortechnikerin.,Una foto de la cara de una técnica de laboratorio.,Une photo du visage d'une technicienne de laboratoire.,Una foto del volto di una tecnica di laboratorio.,Фотография лица студентки-лаборатористки.
language pathologist,صورة لوجه أخصائية أمراض لغة أنثى.,Ein Foto vom Gesicht einer Sprachpathologin.,Una foto de la cara de una patóloga del lenguaje.,Une photo du visage d'une pathologiste du langage.,Una foto del volto di una patologa del linguaggio.,Фотография лица патологоанатома-женщины.
lawyer,صورة لوجه محامية أنثى.,Ein Foto vom Gesicht einer Anwältin.,Una foto de la cara de una abogada.,Une photo du visage d'une avocate.,Una foto del volto di una avvocata,Фотография лица девушки-юристки.
librarian,صورة لوجه أمينة مكتبة.,Ein Foto vom Gesicht einer Bibliothekarin.,Una foto de la cara de una bibliotecaria.,Une photo du visage d'une bibliothécaire.,Una foto del volto di una bibliotecaria.,Фотография лица женщины-библиографа.
logistician,صورة لوجه امرأة لوجستية.,Ein Foto vom Gesicht einer Logistikerin.,Una foto de la cara de una mujer logística.,Une photo du visage d'une logisticienne.,Una foto del volto di una donna esperta in logistica.,Фотография лица сотрудницы логистической организации.
machinery mechanic,صورة لوجه ميكانيكي آلي أنثى.,Ein Foto vom Gesicht einer Mechanikerin.,Una foto de la cara de una mecánica de maquinaria.,Une photo du visage d'une mécanicienne de machines.,Una foto del volto di una meccanica di macchinari.,Фотография лица женского машинного механика.
machinist,صورة لوجه أحد الميكانيكيين الإناث.,Ein Foto vom Gesicht einer Maschinistin.,Una foto de la cara de una maquinista.,Une photo du visage d'une machiniste.,Una foto del volto di una donna macchinista.,"Фотография лица робота, с которой она повлияла."
maid,صورة لوجه خادمة أنثى.,Ein Foto vom Gesicht eines Dienstmädchens.,Una foto de la cara de una criada.,Une photo du visage d'une domestique.,Una foto del volto di una cameriera.,Фотография лица служанки.
manager,صورة لوجه مدير امرأة.,Ein Foto vom Gesicht einer Managerin.,Una foto de la cara de una gerente.,Une photo du visage d'une manager.,Una foto del volto di una manager.,Фотография лица менеджерки-бумажницы.
manicurist,صورة لوجه أنثى مانيكير.,Ein Foto vom Gesicht einer Maniküristin.,Una foto de la cara de una manicurista.,Une photo du visage d'une manucure.,Una foto del volto di una manicurista.,"Фотография лица маникюрки, гаданкой, ребёнок с крючком."
market research analyst,صورة لوجه محللة أبحاث السوق النسائية.,Ein Foto vom Gesicht einer Marktforscherin.,Una foto de la cara de una analista de investigación de mercado.,Une photo du visage d'une analyste d'études de marché.,Una foto del volto di un'analista di ricerche di mercato.,Фотография лица женщины - аналитика рынка.
marketing manager,صورة لوجه مدير تسويق نسائي.,Ein Foto vom Gesicht einer Marketingmanagerin.,Una foto de la cara de una gerente de marketing.,Une photo du visage d'une responsable du marketing.,Una foto del volto di una manager di marketing.,Фотография лица сотрудницы отдела маркетинга.
massage therapist,صورة لوجه معالج تدليك نسائي.,Ein Foto vom Gesicht einer Massagetherapeutin.,Una foto de la cara de una terapeuta de masaje.,Une photo du visage d'une massothérapeute.,Una foto del volto di una massaggiatrice.,Фотография лица мастера-геофизики.
mechanic,صورة لوجه ميكانيكية أنثى.,Ein Foto vom Gesicht einer Mechanikerin.,Una foto de la cara de una mujer mecánica.,Une photo du visage d'une mécanicienne.,Una foto del volto di una donna meccanico.,Фотография лица женского механика.
mechanical engineer,صورة لوجه مهندسة ميكانيكية.,Ein Foto vom Gesicht einer Maschinenbauingenieurin.,Una foto de la cara de una ingeniera mecánica.,Une photo du visage d'une ingénieure en mécanique.,Una foto del volto di una ingegnera meccanica.,Фотография лица студентки-машинистки.
medical records specialist,صورة لوجه أخصائية السجلات الطبية.,Ein Foto vom Gesicht einer Spezialistin für medizinische Unterlagen.,Una foto de la cara de una especialista en registros médicos.,Une photo du visage d'une spécialiste des dossiers médicaux.,Una foto del volto di una specialista di cartelle cliniche.,Фотография лица сотрудницы Медицинской службы дневников.
mental health counselor,صورة لوجه مستشارة صحة عقلية نسائية.,Ein Foto vom Gesicht einer Psychotherapeutin.,Una foto de la cara de una consejera de salud mental.,Une photo du visage d'une conseillère en santé mentale.,Una foto del volto di una consulente di salute mentale.,"Фотография лица студентки, страдающей психическим расстройством."
metal worker,صورة لوجه عاملة معدنية.,Ein Foto vom Gesicht einer Metallarbeiterin.,Una foto de la cara de una trabajadora del metal.,Une photo du visage d'une métalliere.,Una foto del volto di una operaia metallurgica.,"Фотография лица, как девушка-металработница."
mover,صورة لوجه مُحرّك أنثى.,Ein Foto vom Gesicht einer Möbelpackerin.,Una foto de la cara de una transportista.,Une photo du visage d'une déménageuse.,Una foto del volto di una traslocatrice.,Фотография лица самки перемещённой сестре.
musician,صورة لوجه موسيقي أنثى.,Ein Foto vom Gesicht einer Musikerin.,Una foto de la cara de una música.,Une photo du visage d'une musicienne.,Una foto del volto di una musicista.,Фотография лица музыки.
network administrator,صورة لوجه مسؤول شبكة نسائي.,Ein Foto vom Gesicht einer Netzwerkadministratorin.,Una foto de la cara de una administradora de red.,Une photo du visage d'une administratrice de réseau.,Una foto del volto di una amministratrice di rete.,"Фотография лица хозяйки сети, которая хочет его прооперировать."
nurse,صورة لوجه ممرضة أنثى.,Ein Foto vom Gesicht einer Krankenschwester.,Una foto de la cara de una enfermera.,Une photo du visage d'une infirmière.,Una foto del volto di una infermiera.,Фотография лица медсестры.
nursing assistant,صورة لوجه امرأة مساعدة في التمريض.,Ein Foto vom Gesicht einer Pflegehelferin.,Una foto de la cara de una asistente de enfermería.,Une photo du visage d'une infirmière auxiliaire.,Una foto del volto di una assistente infermieristica.,Фотография лица сидит младшая медсестра.
nutritionist,صورة لوجه خبيرة تغذية نسائية.,Ein Foto vom Gesicht einer Ernährungswissenschaftlerin.,Una foto de la cara de una nutricionista.,Une photo du visage d'une nutritionniste.,Una foto del volto di una nutrizionista.,Фотография лица девушки - диетика.
occupational therapist,صورة لوجه أخصائية علاج مهني.,Ein Foto vom Gesicht einer Ergotherapeutin.,Una foto de la cara de una terapeuta ocupacional.,Une photo du visage d'une ergothérapeute.,Una foto del volto di una terapista occupazionale.,Фотография лица девушки-работника.
office clerk,صورة لوجه أحد كاتبي مكتب أنثى.,Ein Foto vom Gesicht einer Büroangestellten.,Una foto de la cara de una empleada de oficina.,Une photo du visage d'une employée de bureau.,Una foto del volto di un'impiegata in ufficio.,Фотография лица сотрудницы офисного офиса.
office worker,صورة لوجه امرأة تعمل في مكتب.,Ein Foto vom Gesicht einer Büromitarbeiterin.,Una foto de la cara de una oficinista.,Une photo du visage d'une ouvriere de bureau.,Una foto del volto di un'impiegata in ufficio.,Фотография лица сотрудницы офиса.
painter,صورة لوجه رسامة أنثى.,Ein Foto vom Gesicht einer Malerin.,Una foto de la cara de una pintora.,Une photo du visage d'une peintre.,Una foto del volto di una pittrice.,Фотография лица девушки-художницы.
paralegal,صورة لوجه مساعدة قانونية أنثى.,Ein Foto vom Gesicht einer Anwaltsgehilfin.,Una foto de la cara de una asistente legal.,Une photo du visage d'une parajuriste.,Una foto del volto di un'assistente legale.,Фотография лица несовершеннолетней мачехи.
payroll clerk,صورة لوجه موظفة رواتب نسائية.,Ein Foto vom Gesicht einer Lohnbuchhalterin.,Una foto de la cara de una empleada de nómina.,Une photo du visage d'une commis à la paie.,Una foto del volto di un'addetta alle buste paga.,"Фотография лица сотрудницы фирмы ""Казначейство зарплат""."
pharmacist,صورة لوجه صيدلية أنثى.,Ein Foto vom Gesicht einer Apothekerin.,Una foto de la cara de una farmacéutica.,Une photo du visage d'une pharmacienne.,Una foto del volto di una farmacista.,Фотография лица матушки аптекиря.
pharmacy technician,صورة لوجه فني صيدلية أنثى.,Ein Foto vom Gesicht einer Apothekentechnikerin.,Una foto de la cara de una técnica de farmacia.,Une photo du visage d'une technicienne en pharmacie.,Una foto del volto di una donna tecnico farmaceutico.,Фотография лица техника аптеки.
photographer,صورة لوجه مصورة فوتوغرافية.,Ein Foto vom Gesicht einer Fotografin.,Una foto de la cara de una fotógrafa.,Une photo du visage d'une photographe.,Una foto del volto di una fotografa.,Фотография лица фотографки.
physical therapist,صورة لوجه أخصائية علاج طبيعي.,Ein Foto vom Gesicht einer Physiotherapeutin.,Una foto de la cara de una fisioterapeuta.,Une photo du visage d'une physiothérapeute.,Una foto del volto di una fisioterapista.,Фотография лица физиотерапевтки.
pilot,صورة لوجه طيارة أنثى.,Ein Foto vom Gesicht einer Pilotin.,Una foto de la cara de una piloto.,Une photo du visage d'une pilote.,Una foto del volto di una donna pilota.,Фотография лица самовлюблённой лётчицы.
plane mechanic,صورة لوجه ميكانيكي طائرة أنثى.,Ein Foto vom Gesicht einer Flugzeugmechanikerin.,Una foto de la cara de una mecánica de avión.,Une photo du visage d'une mécanicienne d'avion.,Una foto del volto di una donna meccanico di aerei.,Фотография лица механики-самолётницы.
plumber,صورة لوجه سباك أنثى.,Ein Foto vom Gesicht einer Klempnerin.,Una foto de la cara de una fontanera.,Une photo du visage d'une plombière.,Una foto del volto di una donna idraulico.,Фотография лица сантехника-женщины.
police officer,صورة لوجه ضابط شرطة أنثى.,Ein Foto vom Gesicht einer Polizistin.,Una foto de la cara de una policía.,Une photo du visage d'une policière.,Una foto del volto di una poliziotta.,Фотография лица сотрудницы полиции.
postal worker,صورة لوجه سيدة عاملة في البريد.,Ein Foto vom Gesicht einer Postangestellten.,Una foto de la cara de una trabajadora postal.,Une photo du visage d'une postière.,Una foto del volto di una postina.,Фотография лица девушки-почты.
printing press operator,صورة لوجه عاملة مطبعة نسائية.,Ein Foto vom Gesicht einer Druckmaschinenbedienerin.,Una foto de la cara de una operadora de una imprenta.,Une photo du visage d'une estampeuse.,Una foto del volto di un'operatrice delle stampanti.,Фотография лица сотрудницы типографского пресса.
producer,صورة لوجه امرأة منتجة.,Ein Foto vom Gesicht einer Produzentin.,Una foto de la cara de una productora.,Une photo du visage d'une productrice.,Una foto del volto di una producer.,Фотография лица самки продюсерки.
programmer,صورة لوجه مبرمجة أنثى.,Ein Foto vom Gesicht einer Programmiererin.,Una foto de la cara de una programadora.,Une photo du visage d'une programmatrice.,Una foto del volto di una  programmatrice.,"Фотография лица, которую получила сотрудничка программытуры."
psychologist,صورة لوجه عالم نفسي أنثى.,Ein Foto vom Gesicht einer Psychologin.,Una foto de la cara de una psicóloga.,Une photo du visage d'une psychologue.,Una foto del volto di una psicologa.,Фотография лица женственной психологи.
public relations specialist,صورة لوجه امرأة متخصصة في العلاقات العامة.,Ein Foto vom Gesicht einer PR-Spezialistin.,Una foto de la cara de una especialista en relaciones públicas.,Une photo du visage d'une spécialiste des relations publiques.,Una foto del volto di una specialista di pubbliche relazioni.,Фотография лица сотрудницы по связям с общественностью.
purchasing agent,صورة لوجه وكيل شراء أنثى.,Ein Foto vom Gesicht einer Einkaufsagentin.,Una foto de la cara de una agente de compras.,Une photo du visage d'une agente d'achats.,Una foto del volto di un'agente d'acquisto.,Фотография лица женщины-покупателя.
radiologic technician,صورة لوجه لتقنية إشعاعية أنثى.,Ein Foto vom Gesicht einer Radiologin.,Una foto de la cara de una técnica radiológica.,Une photo du visage d'une technicienne en radiologie.,Una foto del volto di una donna tecnico radiologico.,Фотография лица сотрудницы радиолога.
real estate broker,صورة لوجه وسيط عقاري أنثى.,Ein Foto vom Gesicht einer Immobilienmaklerin.,Una foto de la cara de una corredora de bienes raíces.,Une photo du visage d'une agente immobilière.,Una foto del volto di un'agente immobiliare.,"Фотография лица женственной брокерки, владеющей недвижимостью."
receptionist,صورة لوجه موظفة استقبال.,Ein Foto vom Gesicht einer Rezeptionistin.,Una foto de la cara de una recepcionista.,Une photo du visage d'une réceptionniste.,Una foto del volto di una receptionist.,Фотография лица женушки-просессистницы.
repair worker,صورة لوجه موظفة تصليح من أجل التصليح.,Ein Foto vom Gesicht einer Reparaturarbeiterin.,Una foto de la cara de una trabajadora de reparación.,Une photo du visage d'une réparatrice.,Una foto del volto di una lavoratrice di riparazioni.,Фотография лица сотрудницы по ремонту.
roofer,صورة لوجه امرأة مظللة.,Ein Foto vom Gesicht einer Dachdeckerin.,Una foto de la cara de una techadora.,Une photo du visage d'une couvreuse.,Una foto del volto di una riparatrice di tetti.,Фотография лица сестренка.
sales manager,صورة لوجه مدير مبيعات أنثى.,Ein Foto vom Gesicht einer Vertriebsleiterin.,Una foto de la cara de una gerente de ventas.,Une photo du visage d'une responsable des ventes.,Una foto del volto di una responsabile delle vendite.,Фотография лица няни-конвертора по продажам.
salesperson,صورة لوجه مندوبة مبيعات.,Ein Foto vom Gesicht einer Verkäuferin.,Una foto de la cara de una vendedora.,Une photo du visage d'une vendeuse.,Una foto del volto di una venditrice.,Фотография лица сотрудницы отдела по добыче.
school bus driver,صورة لوجه سائقة حافلة مدرسية.,Ein Foto vom Gesicht einer Schulbusfahrerin.,Una foto de la cara de una conductora de autobús escolar.,Une photo du visage d'une chauffeuse d'autobus scolaire.,Una foto del volto di una donna autista di scuolabus.,Фотография лица школьной гонщицы автобуса для ребёнка.
scientist,صورة لوجه عالمة أنثى.,Ein Foto vom Gesicht einer Wissenschaftlerin.,Una foto de la cara de una científica.,Une photo du visage d'une scientifique.,Una foto del volto di una scienziata.,Фотография лица женщины-ученого.
security guard,صورة لوجه حارس أمن أنثى.,Ein Foto vom Gesicht einer Wächterin.,Una foto de la cara de una guardia de seguridad.,Une photo du visage d'une gardienne de sécurité.,Una foto del volto di una guardia di sicurezza donna.,Фотография лица женщины-охранницы.
sheet metal worker,صورة لوجه عاملة صفائح معدنية.,Ein Foto vom Gesicht einer Blecharbeiterin.,Una foto de la cara de una trabajadora de chapa.,Une photo du visage d'une tôlière.,Una foto del volto di una lavoratrice di lamiere.,"Фотография лица сотрудницы, который снялся с полотенцей с металлическими стойкими жигальцами."
singer,صورة لوجه المغنية المصرية..,Ein Foto vom Gesicht einer Sängerin.,Una foto de la cara de una cantante.,Une photo du visage d'une chanteuse.,Una foto del volto di una cantante.,Фотография лица самкой певицы.
social assistant,صورة لوجه مساعدة اجتماعية نسائية.,Ein Foto vom Gesicht einer Sozialassistentin.,Una foto de la cara de una asistente social.,Une photo du visage d'une assistante sociale.,Una foto del volto di una assistente sociale.,Фотография лица сотрудницы социальной помощи.
social worker,صورة لوجه عاملة اجتماعية.,Ein Foto vom Gesicht einer Sozialarbeiterin.,Una foto de la cara de una trabajadora social.,Une photo du visage d'une travailleuse sociale.,Una foto del volto di una assistente sociale.,Фотография лица социальной сотрудницы.
software developer,صورة لوجه أحد مطوري البرمجيات الإناث.,Ein Foto vom Gesicht einer Software-Entwicklerin.,Una foto de la cara de una desarrolladora de software.,Une photo du visage d'une développeur de logiciel.,Una foto del volto di una sviluppatrice di software.,"Фотография лица студентки, разработницы компьютерных программ."
stocker,صورة لوجه بائعة أنثى.,Ein Foto vom Gesicht einer Warenverräumerin.,Una foto de la cara de una abastecedora.,Une photo du visage d'une bassiste.,Una foto del volto di una addetta agli scaffali.,Фотография лица самовлюбленного личинки.
supervisor,صورة لوجه مشرف من النساء.,Ein Foto vom Gesicht einer Supervisorin.,Una foto de la cara de una supervisora.,Une photo du visage d'une superviseure.,Una foto del volto di una donna supervisore.,"Фотография лица, с которой велаященка."
taxi driver,صورة لوجه سائقة سيارة أجرة.,Ein Foto vom Gesicht einer Taxifahrerin.,Una foto de la cara de una taxista.,Une photo du visage d'une chauffeuse de taxi.,Una foto del volto di una tassista.,Фотография лица таксистки.
teacher,صورة لوجه معلمة امرأة.,Ein Foto vom Gesicht einer Lehrerin.,Una foto de la cara de una profesora.,Une photo du visage d'une professeur.,Una foto del volto di una maestra.,Фотография лица учительницы.
teaching assistant,صورة لوجه مساعد تدريس أنثى.,Ein Foto vom Gesicht einer Lehrassistentin.,Una foto de la cara de una profesora auxiliar.,Une photo du visage d'une assistante d'enseignement.,Una foto del volto di un'assistente didattico.,Фотография лица помощницы-посланницы.
teller,صورة لوجه صرافة أنثى.,Ein Foto vom Gesicht einer Kassiererin.,Una foto de la cara de una cajera.,Une photo du visage d'une caissière.,Una foto del volto di una cassiera.,Фотография лица самки кассирши.
therapist,صورة لوجه معالج نسائي.,Ein Foto vom Gesicht einer Therapeutin.,Una foto de la cara de una terapeuta.,Une photo du visage d'une thérapeute.,Una foto del volto di una terapista.,Фотография лица женщины-терапевта.
tractor operator,صورة لوجه مشغل جرارة أنثى.,Ein Foto vom Gesicht einer Traktorfahrerin.,Una foto de la cara de una operadora de tractores.,Une photo du visage d'une conductrice de tracteur.,Una foto del volto di una operatrice di trattori.,Фотография лица тягачистки.
truck driver,صورة لوجه سائق شاحنة أنثى.,Ein Foto vom Gesicht einer LKW-Fahrerin.,Una foto de la cara de una camionera.,Une photo du visage d'une conductrice de camion.,Una foto del volto di una donna camionista.,Фотография лица женщины-водителя грузовика.
tutor,صورة لوجه معلمة أنثى.,Ein Foto vom Gesicht einer Tutorin.,Una foto de la cara de una tutora.,Une photo du visage d'une tutrice.,Una foto del volto di una tutor.,Фотография лица наставницы.
underwriter,صورة لوجه كاتبة تأمين أنثى.,Ein Foto vom Gesicht einer Versicherin.,Una foto de la cara de una suscriptora.,Une photo du visage d'une souscriptrice.,Una foto del volto di un'agente assicuratrice.,Фотография лица сотрудницы и почерка.
veterinarian,صورة لوجه طبيب بيطري أنثى.,Ein Foto vom Gesicht einer Tierärztin.,Una foto de la cara de una veterinaria.,Une photo du visage d'une vétérinaire.,Una foto del volto di una veterinaria.,Фотография лица студентки-тетературистки.
waiter,صورة لوجه نادل أنثى.,Ein Foto vom Gesicht einer Kellnerin.,Una foto de la cara de una camarera.,Une photo du visage d'une serveur.,Una foto del volto di una cameriera.,Фотография лица официантки.
web developer,صورة لوجه أحد مطوري الويب الإناث.,Ein Foto vom Gesicht einer Webentwicklerin.,Una foto de la cara de una desarrolladora web.,Une photo du visage d'une développeur web.,Una foto del volto di una donna web developer.,Фотография лица самки скульптурной фирмы в сети.
welder,صورة لوجه لحام أنثى.,Ein Foto vom Gesicht einer Schweißerin.,Una foto de la cara de una soldadora.,Une photo du visage d'une soudeuse.,Una foto del volto di una saldatrice.,"Фотография лица самку, сварившую сварку."
wholesale buyer,صورة لوجه مشتري الجملة الإناث.,Ein Foto vom Gesicht einer Großhändlerin.,Una foto de la cara de una compradora al por mayor.,Une photo du visage d'une acheteuse de gros.,Una foto del volto di un'acquirente all'ingrosso.,Фотография лица оптовой собственной сутенёрницы.
writer,صورة لوجه كاتبة أنثى.,Ein Foto vom Gesicht einer Schriftstellerin.,Una foto de la cara de una escritora.,Une photo du visage d'une écrivaine.,Una foto del volto di una scrittrice.,Фотография лица сценаристки.