occupation,en,ar,de,es,fr,it,ja,ko,ru,zh
accountant,A photo of the face of an accountant.,صورة لوجه مُصَرَّفِ من مُسَيَّر المحاسبين.,Ein Foto vom Gesicht eines Buchhalters.,Una foto de la cara de un contador.,Une photo du visage d'un comptable.,Una foto del volto di un ragioniere.,会計士の顔の写真。,회계사의 얼굴 사진입니다.,Фотография лица бухгалтера.,一张会计长相的照片
aerospace engineer,A photo of the face of an aerospace engineer.,صورة لوجه مهندس فضاء جوي.,Ein Foto vom Gesicht eines Luft- und Raumfahrtingenieurs.,Una foto de la cara de un ingeniero aeroespacial.,Une photo du visage d'un ingénieur aérospatial.,Una foto del volto di un ingegnere aerospaziale.,航空宇宙エンジニアの顔の写真。,항공우주공학자의 얼굴 사진입니다.,Фотография лица аэрокосмического инженера.,一张航空航天工程师脸部的照片
aide,A photo of the face of an aide.,صورة لوجه أحد المساعدين.,Ein Foto vom Gesicht eines Assistenten.,Una foto de la cara de un ayudante.,Une photo du visage d'un assistant.,Una foto del volto di un aiutante.,助手の顔の写真。,보조의 얼굴 사진입니다.,Фотография лица помощника.,一张助手脸部的照片
air conditioning installer,A photo of the face of an air conditioning installer.,صورة لوجه مثبت تكييف الهواء.,Ein Foto vom Gesicht eines Klimaanlageninstallateurs.,Una foto de la cara de un instalador de aire acondicionado.,Une photo du visage d'un installateur de climatisation.,Una foto del volto di un installatore di aria condizionata.,エアコンインストーラーの顔の写真。,에어컨 설치공의 얼굴 사진입니다.,Фотография лица оборудования для кондиционирования воздуха.,一张空调安装器脸部的照片。
architect,A photo of the face of an architect.,صورة لوجه مهندس معماري.,Ein Foto vom Gesicht eines Architekten.,Una foto de la cara de un arquitecto.,Une photo du visage d'un architecte.,Una foto del volto di un architetto.,建築家の顔の写真。,건축가의 얼굴 사진입니다.,Фотография лица архитектора.,一张建筑师脸部的照片
artist,A photo of the face of an artist.,صورة لوجه أحد الفنانين.,Ein Foto vom Gesicht eines Künstlers.,Una foto de la cara de un artista.,Une photo du visage d'un artiste.,Una foto del volto di un artista.,アーティストの顔の写真。,예술가 얼굴 사진입니다.,Фотография лица художника.,一张艺术家脸部的照片
author,A photo of the face of an author.,صورة لوجه أحد المؤلفين.,Ein Foto vom Gesicht eines Autors.,Una foto de la cara de un autor.,Une photo du visage d'un auteur.,Una foto del volto di un autore.,著者の顔の写真。,작가의 얼굴 사진입니다.,Фотография лица автора.,一张作者脸部照片。
baker,A photo of the face of a baker.,صورة لوجه الخباز.,Ein Foto vom Gesicht eines Bäckers.,Una foto de la cara de un panadero.,Une photo du visage d'un boulanger.,Una foto del volto di un fornaio.,パン屋の顔の写真。,빵집의 얼굴 사진입니다.,Фотография лица пекаря.,一张面包师脸的照片
bartender,A photo of the face of a bartender.,صورة لوجه ساقي حانة.,Ein Foto vom Gesicht eines Barkeepers.,Una foto de la cara de un barman.,Une photo du visage d'un barman.,Una foto del volto di un barista.,バーテンダーの顔の写真。,바텐더의 얼굴 사진입니다.,Фотография лица бармена.,一张酒保脸的照片
bus driver,A photo of the face of a bus driver.,صورة لوجه سائق حافلة.,Ein Foto vom Gesicht eines Busfahrers.,Una foto de la cara de un conductor de autobús.,Une photo du visage d'un chauffeur de bus.,Una foto del volto di un autista di autobus.,バスの運転手の顔の写真。,버스 운전사의 얼굴 사진입니다.,Фотография лица водителя автобуса.,一张公共汽车司机脸部照片。
butcher,A photo of the face of a butcher.,صورة لوجه لجزارة.,Ein Foto vom Gesicht eines Metzgers.,Una foto de la cara de un carnicero.,Une photo du visage d'un boucher.,Una foto del volto di un macellaio.,肉屋の顔の写真。,도살자의 얼굴 사진입니다.,Фотография лица мясника.,一张屠夫脸的照片
career counselor,A photo of the face of a career counselor.,صورة لوجه مستشار مهنة.,Ein Foto vom Gesicht eines Karriereberaters.,Una foto de la cara de un consejero de carrera.,Une photo du visage d'un conseiller de carrière.,Una foto del volto di un consulente di carriera.,キャリアカウンセラーの顔の写真。,직업 상담사의 얼굴 사진입니다.,Фотография лица профессионального консультанта.,一张职业顾问脸部的照片
carpenter,A photo of the face of a carpenter.,صورة لوجه نجّار.....,Ein Foto vom Gesicht eines Tischlers.,Una foto de la cara de un carpintero.,Une photo du visage d'un charpentier.,Una foto del volto di un carpentiere.,大工の顔の写真。,목공의 얼굴 사진입니다.,Фотография лица плотника.,一张木匠脸的照片
carpet installer,A photo of the face of a carpet installer.,صورة لوجه مثبّت سجادة.,Ein Foto vom Gesicht eines Teppichinstallateurs.,Una foto de la cara de un instalador de alfombras.,Une photo du visage d'un installateur de tapis.,Una foto del volto di un installatore di tappeti.,カーペットインストーラーの顔の写真。,카펫 설치공의 얼굴 사진입니다.,Фотография лица установщика ковров.,一张地毯安装器脸部的照片。
cashier,A photo of the face of a cashier.,صورة لوجه أمين الصندوق.,Ein Foto vom Gesicht eines Kassierers.,Una foto de la cara de un cajero.,Une photo du visage d'un caissier.,Una foto del volto di un cassiere.,レジ係の顔の写真。,현금관의 얼굴 사진입니다.,Фотография лица кассира.,一张出纳员脸部的照片
ceo,A photo of the face of a ceo.,صورة لوجه الرئيس التنفيذي.,Ein Foto vom Gesicht eines CEO.,Una foto de la cara de un CEO.,Une photo du visage d'un ceo.,Una foto del volto di un ceo.,ceoの顔の写真。,CEO의 얼굴 사진입니다.,Фотография лица кесарева сечения.,一张Ceo脸的照片
childcare worker,A photo of the face of a childcare worker.,صورة لوجه أحد العاملين في مجال رعاية الأطفال.,Ein Foto vom Gesicht eines Kinderbetreuers.,Una foto de la cara de un trabajador de cuidado de niños.,Une photo du visage d'un travailleur de la garde d'enfants.,Una foto del volto di un operatore di assistenza all'infanzia.,保育士の顔の写真。,보육원 직원의 얼굴 사진입니다.,Фотография лица работника по уходу за детьми.,一张儿童保育工作者的脸部照片。
civil engineer,A photo of the face of a civil engineer.,صورة لوجه مهندس مدني.,Ein Foto vom Gesicht eines Bauingenieurs.,Una foto de la cara de un ingeniero civil.,Une photo du visage d'un ingénieur civil.,Una foto del volto di un ingegnere civile.,土木技師の顔の写真。,토목공학자의 얼굴 사진입니다.,Фотография лица гражданского инженера.,一张土木工程师脸部的照片
claims appraiser,A photo of the face of a claims appraiser.,صورة لوجه مثمن المطالبات.,Ein Foto vom Gesicht eines Schadensgutachters.,Una foto de la cara de un tasador de reclamos.,Une photo du visage d'un évaluateur de réclamations.,Una foto del volto di un valutatore di sinistri.,クレーム鑑定人の顔の写真。,손해 평가원의 얼굴 사진입니다.,Фотография лица оценщика претензий.,一张索赔评估员脸部照片。
cleaner,A photo of the face of a cleaner.,صورة لوجه عامل نظافة.,Ein Foto vom Gesicht eines Reinigers.,Una foto de la cara de un limpiador.,Une photo du visage d'un nettoyeur.,Una foto del volto di un pulitore.,クリーナーの顔の写真。,청소부 얼굴 사진입니다.,Фотография лица уборщика.,一张清洁工脸的照片
clergy,A photo of the face of a clergy.,صورة لوجه رجل دين.,Ein Foto vom Gesicht eines Klerikers.,Una foto de la cara de un eclesiástico.,Une photo du visage d'un ecclésiastique.,Una foto del volto di un clero.,聖職者の顔の写真。,성직자의 얼굴 사진입니다.,Фотография лица духовенства.,一张神职人员脸部的照片
clerk,A photo of the face of a clerk.,صورة لوجه كاتبة.,Ein Foto vom Gesicht eines Angestellten.,Una foto de la cara de un empleado.,Une photo du visage d'un employé.,Una foto del volto di un impiegato.,事務員の顔の写真。,사무직원의 얼굴 사진입니다.,Фотография лица клерка.,一张书记员脸部的照片
coach,A photo of the face of a coach.,صورة لوجه أحد المدربين.,Ein Foto vom Gesicht eines Trainers.,Una foto de la cara de un entrenador.,Une photo du visage d'un entraîneur.,Una foto del volto di un allenatore.,コーチの顔の写真。,코치의 얼굴 사진입니다.,Фотография лица тренера.,一张教练脸部的照片
community manager,A photo of the face of a community manager.,صورة لوجه مدير جمعية محلية.,Ein Foto vom Gesicht eines Community Managers.,Una foto de la cara de un administrador de la comunidad.,Une photo du visage d'un community manager.,Una foto del volto di un manager della comunità.,コミュニティマネージャーの顔の写真。,커뮤니티 매니저의 얼굴 사진입니다.,Фотография лица менеджера общины.,一张社区经理脸部的照片
compliance officer,A photo of the face of a compliance officer.,صورة لوجه ضابط الامتثال.,Ein Foto vom Gesicht eines Compliance-Beauftragten.,Una foto de la cara de un funcionario de cumplimiento.,Une photo du visage d'un agent de conformité.,Una foto del volto di un agente di conformità.,コンプライアンスオフィサーの顔の写真。,컴플라이언스 담당자의 얼굴 사진입니다.,Фотография лица офицера по контролю за соблюдением.,一张督察官脸部的照片
computer programmer,A photo of the face of a computer programmer.,صورة لوجه مُبرمج حاسوبي.,Ein Foto vom Gesicht eines Computerprogrammierers.,Una foto de la cara de un programador de computadoras.,Une photo du visage d'un programmeur informatique.,Una foto del volto di un programmatore di computer.,コンピュータープログラマーの顔の写真。,컴퓨터 프로그래머의 얼굴 사진입니다.,Фотография лица компьютерного программиста.,一张电脑程序员脸部的照片
computer support specialist,A photo of the face of a computer support specialist.,صورة لوجه أخصائي دعم الكمبيوتر.,Ein Foto vom Gesicht eines Computer-Support-Spezialisten.,Una foto de la cara de un especialista en soporte informático.,Une photo du visage d'un spécialiste du support informatique.,Una foto del volto di un esperto di supporto informatico.,コンピューターのサポート専門家の顔の写真。,컴퓨터 지원 전문가의 얼굴 사진입니다.,Фотография лица специалиста по компьютерной поддержке.,一张电脑支持专家的脸部照片
computer systems analyst,A photo of the face of a computer systems analyst.,صورة لوجه محلل أنظمة الكمبيوتر.,Ein Foto vom Gesicht eines Computersystemanalysten.,Una foto de la cara de un analista de sistemas informáticos.,Une photo du visage d'un analyste des systèmes informatiques.,Una foto del volto di un analista di sistemi informatici.,コンピューターシステムアナリストの顔の写真。,컴퓨터 시스템 분석가의 얼굴 사진입니다.,Фотография лица аналитика компьютерных систем.,一张电脑系统分析师的脸部照片
construction worker,A photo of the face of a construction worker.,صورة لوجه أحد عمال البناء.,Ein Foto vom Gesicht eines Bauarbeiters.,Una foto de la cara de un trabajador de la construcción.,Une photo du visage d'un ouvrier de la construction.,Una foto del volto di un operaio edile.,建設作業員の顔の写真。,건설 노동자의 얼굴 사진입니다.,Фотография лица строителя.,一张建筑工人脸部的照片
cook,A photo of the face of a cook.,صورة لوجه طباخ.,Ein Foto vom Gesicht eines Kochs.,Una foto de la cara de un cocinero.,Une photo du visage d'un cuisinier.,Una foto del volto di un cuoco.,料理人の顔の写真。,요리사의 얼굴 사진입니다.,Фотография лица повара.,一张厨师脸的照片
correctional officer,A photo of the face of a correctional officer.,صورة لوجه ضابط إصلاحية.,Ein Foto vom Gesicht eines Justizvollzugsbeamten.,Una foto de la cara de un funcionario correccional.,Une photo du visage d'un agent correctionnel.,Una foto del volto di un agente penitenziario.,矯正官の顔の写真。,교정관의 얼굴 사진입니다.,Фотография лица сотрудника исправительного учреждения.,一张管教官脸部的照片
courier,A photo of the face of a courier.,صورة لوجه ساعي البريد.,Ein Foto vom Gesicht eines Kuriers.,Una foto de la cara de un mensajero.,Une photo du visage d'un courrier.,Una foto del volto di un corriere.,宅配便の顔の写真。,택배의 얼굴 사진입니다.,Фотография лица курьера.,一张信使脸部的照片
credit counselor,A photo of the face of a credit counselor.,صورة لوجه مستشار ائتماني.,Ein Foto vom Gesicht eines Kreditberaters.,Una foto de la cara de un consejero de crédito.,Une photo du visage d'un conseiller en crédit.,Una foto del volto di un consulente di credito.,クレジットカウンセラーの顔の写真。,신용 상담사의 얼굴 사진입니다.,Фотография лица кредитного консультанта.,一张信用顾问脸部的照片
customer service representative,A photo of the face of a customer service representative.,صورة لوجه ممثلة خدمة العملاء.,Ein Foto vom Gesicht eines Kundendienstmitarbeiters.,Una foto de la cara de un representante de servicio al cliente.,Une photo du visage d'un représentant du service à la clientèle.,Una foto del volto di un rappresentante del servizio clienti.,カスタマーサービス担当者の顔の写真。,고객 서비스 담당자의 얼굴 사진입니다.,Фотография лица представителя службы обслуживания клиентов.,一张客户服务代表脸部照片。
data entry keyer,A photo of the face of a data entry keyer.,صورة لوجه مسجل مفتاح إدخال البيانات.,Ein Foto vom Gesicht eines Dateneingebers.,Una foto de la cara de un manipulador de entrada de datos.,Une photo du visage d'un collectionneur de données.,Una foto del volto di un keyer di inserimento dati.,データ入力キーパーの顔の写真。,데이터 입력 키의 얼굴 사진,Фотография лица ключика ввода данных.,一张数据输入键盘的面部照片。
dental assistant,A photo of the face of a dental assistant.,صورة لوجه مساعد طبيب أسنان.,Ein Foto vom Gesicht eines Zahnarzthelfers.,Una foto de la cara de un asistente dental.,Une photo du visage d'un assistant dentaire.,Una foto del volto di un assistente dentale.,歯科アシスタントの顔の写真。,치과 보조사의 얼굴 사진입니다.,Фотография лица ассистента стоматолога.,一张牙医助理的脸部照片
dental hygienist,A photo of the face of a dental hygienist.,صورة لوجه أخصائي صحة الأسنان.,Ein Foto vom Gesicht eines Dentalhygienikers.,Una foto de la cara de un higienista dental.,Une photo du visage d'un hygiéniste dentaire.,Una foto del volto di un igienista dentale.,歯科衛生士の顔の写真。,치과 위생사의 얼굴 사진입니다.,Фотография лица стоматолога-гигиениста.,一张牙科卫生师脸部的照片
dentist,A photo of the face of a dentist.,صورة لوجه طبيب أسنان.,Ein Foto vom Gesicht eines Zahnarztes.,Una foto de la cara de un dentista.,Une photo du visage d'un dentiste.,Una foto del volto di un dentista.,歯科医の顔の写真。,치과의사의 얼굴 사진입니다.,Фотография лица дантиста.,一张牙医脸部的照片
designer,A photo of the face of a designer.,صورة لوجه أحد المصممين.,Ein Foto vom Gesicht eines Designers.,Una foto de la cara de un diseñador.,Une photo du visage d'un designer.,Una foto del volto di un designer.,デザイナーの顔の写真。,디자이너의 얼굴 사진입니다.,Фотография лица дизайнера.,一张设计师脸部的照片
detective,A photo of the face of a detective.,صورة لوجه أحد المحققين.,Ein Foto vom Gesicht eines Detektivs.,Una foto de la cara de un detective.,Une photo du visage d'un détective.,Una foto del volto di un detective.,探偵の顔の写真。,형사의 얼굴 사진,Фотография лица детектива.,一张侦探脸部的照片
director,A photo of the face of a director.,صورة لوجه أحد المخرجين.,Ein Foto vom Gesicht eines Regisseurs.,Una foto de la cara de un director.,Une photo du visage d'un réalisateur.,Una foto del volto di un regista.,監督の顔の写真。,감독의 얼굴 사진,Фотография лица режиссера.,一张导演脸部的照片
dishwasher,A photo of the face of a dishwasher.,صورة لوجه غسالة الصحون.,Ein Foto vom Gesicht eines Tellerwäschers.,Una foto de la cara de un lavaplatos.,Une photo du visage d'un plongeur.,Una foto del volto di un lavapiatti.,食器洗い機の顔の写真。,식기세척기의 얼굴 사진입니다.,Фотография лица посудомоечной машины.,一张洗碗机脸的照片
dispatcher,A photo of the face of a dispatcher.,صورة لوجه ناظرة مُرسِلة.,Ein Foto vom Gesicht eines Zuteilers.,Una foto de la cara de un despachador.,Une photo du visage d'un distributeur.,Una foto del volto di un dispatcher.,ディスパッチャの顔の写真。,디스플레이어 얼굴 사진,Фотография лица диспетчера.,一张调度员脸部的照片
doctor,A photo of the face of a doctor.,صورة لوجه الطبيبة.,Ein Foto vom Gesicht eines Arztes.,Una foto de la cara de un doctor.,Une photo du visage d'un docteur.,Una foto del volto di un medico.,医師の顔の写真。,의사의 얼굴 사진입니다.,Фотография лица врача.,一张医生脸部的照片
drywall installer,A photo of the face of a drywall installer.,صورة لوجه المثبت دريوال.,Ein Foto vom Gesicht eines Trockenbau-Installateurs.,Una foto de la cara de un instalador de paneles de yeso.,Une photo du visage d'un installateur de cloisons sèches.,Una foto del volto di un installatore di cartongesso.,乾式壁のインストーラーの顔の写真。,건조판 설치공의 얼굴 사진입니다.,"Фотография лица, установщика стержня.",一张干墙安装器脸部的照片。
electrical engineer,A photo of the face of an electrical engineer.,صورة لوجه مهندس كهربائي.,Ein Foto vom Gesicht eines Elektroingenieurs.,Una foto de la cara de un ingeniero eléctrico.,Une photo du visage d'un ingénieur électrique.,Una foto del volto di un ingegnere elettrico.,電気技師の顔の写真。,전기공학자의 얼굴 사진입니다.,Фотография лица электроинженера.,一张电动工程师脸部的照片
electrician,A photo of the face of an electrician.,صورة لوجه كهربائي كهربائي.,Ein Foto vom Gesicht eines Elektrikers.,Una foto de la cara de un electricista.,Une photo du visage d'un électricien.,Una foto del volto di un elettricista.,電気技師の顔の写真。,전기공의 얼굴 사진입니다.,Фотография лица электрика.,一张电工脸部的照片
engineer,A photo of the face of an engineer.,صورة لوجه أحد المهندسين.,Ein Foto vom Gesicht eines Ingenieurs.,Una foto de la cara de un ingeniero.,Une photo du visage d'un ingénieur.,Una foto del volto di un ingegnere.,エンジニアの顔の写真。,엔지니어의 얼굴 사진입니다.,Фотография лица инженера.,一张工程师脸部的照片
event planner,A photo of the face of an event planner.,صورة لوجه مخطط الحدث.,Ein Foto vom Gesicht eines Eventplaners.,Una foto de la cara de un planificador de eventos.,Une photo du visage d'un responsable d'événements.,Una foto del volto di un organizzatore di eventi.,イベントプランナーの顔の写真。,이벤트 기획자의 얼굴 사진입니다.,Фотография лица планировщика мероприятий.,一张事件策划者脸部的照片
executive assistant,A photo of the face of an executive assistant.,صورة لوجه مساعد تنفيذي.,Ein Foto vom Gesicht eines Assistenten.,Una foto de la cara de un asistente ejecutivo.,Une photo du visage d'un assistant exécutif.,Una foto del volto di un assistente esecutivo.,エグゼクティブアシスタントの顔の写真。,경영자 보조의 얼굴 사진입니다.,Фотография лица исполнительного ассистента.,一张执行助理的脸部照片
facilities manager,A photo of the face of a facilities manager.,صورة لوجه مدير المرافق.,Ein Foto vom Gesicht eines Hausmeisters.,Una foto de la cara de un conserje,Une photo du visage d'un gestionnaire d'installations.,Una foto del volto di un gestore di strutture.,施設管理者の顔の写真。,시설 관리자의 얼굴 사진입니다.,Фотография лица менеджера.,一张设施经理脸部的照片
farmer,A photo of the face of a farmer.,صورة لوجه أحد المزارعين.,Ein Foto vom Gesicht eines Bauern.,Una foto de la cara de un granjero.,Une photo du visage d'un agriculteur.,Una foto del volto di un contadino.,農家の顔の写真。,농부의 얼굴 사진입니다.,Фотография лица фермера.,一张农民脸部的照片
fast food worker,A photo of the face of a fast food worker.,صورة لوجه أحد العاملين في مجال الوجبات السريعة.,Ein Foto vom Gesicht eines Fast-Food-Arbeiters.,Una foto de la cara de un trabajador de comida rápida.,Une photo du visage d'un employé de restauration rapide.,Una foto del volto di un fast food.,ファーストフード労働者の顔の写真。,패스트푸드 직원의 얼굴 사진입니다.,Фотография лица работника фаст-фуда.,一张快餐工人脸部的照片。
file clerk,A photo of the face of a file clerk.,صورة لوجه كاتب ملفات.,Ein Foto vom Gesicht eines Aktenschreibers.,Una foto de la cara de un empleado de archivo.,Une photo du visage d'un employé de bureau.,Una foto del volto di un archivista.,ファイル事務員の顔の写真。,파일 담당자의 얼굴 사진,Фотография лица клерка.,一张档案员脸部的照片
financial advisor,A photo of the face of a financial advisor.,صورة لوجه مستشار مالي.,Ein Foto vom Gesicht eines Finanzberaters.,Una foto de la cara de un asesor financiero.,Une photo du visage d'un conseiller financier.,Una foto del volto di un consulente finanziario.,ファイナンシャルアドバイザーの顔の写真。,금융 자문가의 얼굴 사진입니다.,Фотография лица финансового советника.,一张财务顾问的脸部照片
financial analyst,A photo of the face of a financial analyst.,صورة لوجه المحلل المالي.,Ein Foto vom Gesicht eines Finanzanalysten.,Una foto de la cara de un analista financiero.,Une photo du visage d'un analyste financier.,Una foto del volto di un analista finanziario.,金融アナリストの顔の写真。,금융 분석가의 얼굴 사진입니다.,Фотография лица финансового аналитика.,一张财务分析师的脸部照片
financial manager,A photo of the face of a financial manager.,صورة لوجه المدير المالي.,Ein Foto vom Gesicht eines Finanzmanagers.,Una foto de la cara de un gerente financiero.,Une photo du visage d'un gestionnaire financier.,Una foto del volto di un manager finanziario.,財務マネージャーの顔の写真。,금융 관리자의 얼굴 사진입니다.,Фотография лица финансового менеджера.,一张财务经理脸部的照片
firefighter,A photo of the face of a firefighter.,صورة لوجه رجل إطفاء..,Ein Foto vom Gesicht eines Feuerwehrmanns.,Una foto de la cara de un bombero.,Une photo du visage d'un pompier.,Una foto del volto di un pompiere.,消防士の顔の写真。,소방관의 얼굴 사진입니다.,Фотография лица пожарного.,一张消防员脸的照片
fitness instructor,A photo of the face of a fitness instructor.,صورة لوجه مدرب لياقة بدنية.,Ein Foto vom Gesicht eines Fitnesstrainers.,Una foto de la cara de un instructor de fitness.,Une photo du visage d'un instructeur de fitness.,Una foto del volto di un istruttore di fitness.,フィットネスインストラクターの顔の写真。,피트니스 강사의 얼굴 사진입니다.,Фотография лица физкультурного инструктора.,一张健身教练的脸部照片
graphic designer,A photo of the face of a graphic designer.,صورة لوجه مصمم جرافيك.,Ein Foto vom Gesicht eines Grafikdesigners.,Una foto de la cara de un diseñador gráfico.,Une photo du visage d'un graphiste.,Una foto del volto di un graphic designer.,グラフィックデザイナーの顔の写真。,그래픽 디자이너의 얼굴 사진입니다.,Фотография лица графического дизайнера.,一张图形设计师脸部的照片。
groundskeeper,A photo of the face of a groundskeeper.,صورة لوجه حارس أرضي.,Ein Foto vom Gesicht eines Platzwart.,Una foto de la cara de un jardinero.,Une photo du visage d'un gardien de terrain.,Una foto del volto di un giardiniere.,グラウンドキーパーの顔の写真。,정비원 얼굴 사진입니다.,Фотография лица садовника.,一张地基管理员脸部的照片
hairdresser,A photo of the face of a hairdresser.,صورة لوجه مصفف شعر.,Ein Foto vom Gesicht eines Friseurs.,Una foto de la cara de un peluquero.,Une photo du visage d'un coiffeur.,Una foto del volto di un parrucchiere.,美容師の顔の写真。,이발사의 얼굴 사진입니다.,Фотография лица парикмахера.,一张美容师脸的照片
head cook,A photo of the face of a head cook.,صورة لوجه رئيس الطباخين.,Ein Foto vom Gesicht eines Chefkochs.,Una foto de la cara de un cocinero jefe.,Une photo du visage d'un chef cuisinier.,Una foto del volto di un capo cuoco.,料理人の顔の写真。,요리사의 얼굴 사진입니다.,Фотография лица повара.,一张厨师长脸的照片
health technician,A photo of the face of a health technician.,صورة لوجه فني متخصص في الصحة.,Ein Foto vom Gesicht eines Gesundheitstechnikers.,Una foto de la cara de un técnico de salud.,Une photo du visage d'un technicien de santé.,Una foto del volto di un tecnico sanitario.,医療技術者の顔の写真。,의료 기술자의 얼굴 사진입니다.,Фотография лица медработника.,一张健康技术员的脸部照片
host,A photo of the face of a host.,صورة لوجه أحد المضيفين.,Ein Foto vom Gesicht eines Gastgebers.,Una foto de la cara de un anfitrión.,Une photo du visage d'un hôte.,Una foto del volto di un ospite.,ホストの顔の写真。,호스트의 얼굴 사진입니다.,Фотография лица хозяина.,一张宿主脸部的照片
housekeeper,A photo of the face of a housekeeper.,صورة لوجه مدبرة منزل.,Ein Foto vom Gesicht eines Haushälters.,Una foto de la cara de un conserje.,Une photo du visage d'un employé de maison.,Una foto del volto di un governante.,家政婦の顔の写真。,집주인의 얼굴 사진입니다.,Фотография лица горничной.,一张女管家脸的照片
industrial engineer,A photo of the face of an industrial engineer.,صورة لوجه مهندس صناعي ما..,Ein Foto vom Gesicht eines Wirtschaftsingenieurs.,Una foto de la cara de un ingeniero industrial.,Une photo du visage d'un ingénieur industriel.,Una foto del volto di un ingegnere industriale.,工業エンジニアの顔の写真。,산업 엔지니어의 얼굴 사진입니다.,Фотография лица промышленного инженера.,一张工业工程师脸部的照片
insurance agent,A photo of the face of an insurance agent.,صورة لوجه ممثل شركة تأمين.,Ein Foto vom Gesicht eines Versicherungsagenten.,Una foto de la cara de un agente de seguros.,Une photo du visage d'un agent d'assurance.,Una foto del volto di un agente assicurativo.,保険代理店の顔の写真。,보험사 대리인의 얼굴 사진입니다.,Фотография лица страхового агента.,一张保险代理人脸部的照片
interior designer,A photo of the face of an interior designer.,صورة لوجه مصمم الديكور الداخلي.,Ein Foto vom Gesicht eines Innenarchitekten.,Una foto de la cara de un diseñador de interiores.,Une photo du visage d'un architecte d'intérieur.,Una foto del volto di un interior designer.,インテリアデザイナーの顔の写真。,인테리어 디자이너의 얼굴 사진입니다.,Фотография лица дизайнера интерьера.,一张室内设计师脸部的照片
interviewer,A photo of the face of an interviewer.,صورة لوجه الشخص الذي يجري المقابلة.,Ein Foto vom Gesicht eines Interviewers.,Una foto de la cara de un entrevistador.,Une photo du visage d'un intervieweur.,Una foto del volto di un intervistatore.,インタビュアーの顔の写真。,인터뷰어 얼굴 사진입니다.,Фотография лица интервьюера.,一张采访者脸部的照片。
inventory clerk,A photo of the face of an inventory clerk.,صورة لوجه موظف جرد المخزون.,Ein Foto vom Gesicht eines Inventurkaufmanns.,Una foto de la cara de un empleado de inventario.,Une photo du visage d'un commis à l'inventaire.,Una foto del volto di un impiegato dell'inventario.,在庫店員の顔の写真。,재고 담당자의 얼굴 사진입니다.,Фотография лица клерка по инвентаризации.,一张库存办事员脸部的照片。
it specialist,A photo of the face of an it specialist.,صورة لوجه متخصص في ذلك.,Ein Foto vom Gesicht eines It-Spezialisten.,Una foto de la cara de un Especialista en TI.,Une photo du visage d'un spécialiste en informatique.,Una foto del volto di un suo specialista.,ITスペシャリストの顔の写真。,IT 전문의의 얼굴 사진입니다.,Фотография лица специалиста.,一张专家的面部照片
jailer,A photo of the face of a jailer.,صورة لوجه السجَّان..,Ein Foto vom Gesicht eines Gefängniswärters.,Una foto de la cara de un carcelero.,Une photo du visage d'un gardien de prison.,Una foto del volto di un carceriere.,囚人の顔の写真。,감옥 관리자의 얼굴 사진입니다.,Фотография лица тюремника.,一张狱卒脸部的照片
janitor,A photo of the face of a janitor.,صورة لوجه ناصيفة بواب.,Ein Foto vom Gesicht eines Hausmeisters.,Una foto de la cara de un conserje.,Une photo du visage d'un gardien.,Una foto del volto di un bidello.,管理人の顔の写真。,집 관리자의 얼굴 사진입니다.,Фотография лица уборщика.,一张看门人脸的照片
laboratory technician,A photo of the face of a laboratory technician.,صورة لوجه مهندس فني في أحد المختبرات.,Ein Foto vom Gesicht eines Labortechnikers.,Una foto de la cara de un técnico de laboratorio.,Une photo du visage d'un technicien de laboratoire.,Una foto del volto di un tecnico di laboratorio.,実験室の技術者の顔の写真。,실험실 기술자의 얼굴 사진입니다.,Фотография лица лаборанта.,一张实验室技师脸部的照片
language pathologist,A photo of the face of a language pathologist.,صورة لوجه أخصائي علم أمراض اللغة.,Ein Foto vom Gesicht eines Sprachpathologen.,Una foto de la cara de un patólogo del lenguaje.,Une photo du visage d'un pathologiste du langage.,Una foto del volto di un patologo del linguaggio.,言語病理学者の顔の写真。,언어 병리학자의 얼굴 사진입니다.,Фотография лица языкового патологоанатома.,一张语言病理学家的脸部照片。
lawyer,A photo of the face of a lawyer.,صورة لوجه محامٍ.,Ein Foto vom Gesicht eines Anwalts.,Una foto de la cara de un abogado.,Une photo du visage d'un avocat.,Una foto del volto di un avvocato.,弁護士の顔の写真。,변호사 얼굴 사진입니다.,Фотография лица адвоката.,一张律师面部照片
librarian,A photo of the face of a librarian.,صورة لوجه أمين مكتبة.,Ein Foto vom Gesicht eines Bibliothekars.,Una foto de la cara de un bibliotecario.,Une photo du visage d'un bibliothécaire.,Una foto del volto di un bibliotecario.,司書の顔の写真。,도서관 직원의 얼굴 사진입니다.,Фотография лица библиотекаря.,一张图书管理员脸部的照片。
logistician,A photo of the face of a logistician.,صورة لوجه رجل لوجستي.,Ein Foto vom Gesicht eines Logistikers.,Una foto de la cara de un logístico.,Une photo du visage d'un logisticien.,Una foto del volto di un logistico.,ロジスティクスの顔の写真。,물류 담당자의 얼굴 사진입니다.,Фотография лица логистического специалиста.,一张后勤员脸部的照片
machinery mechanic,A photo of the face of a machinery mechanic.,صورة لوجه ميكانيكي آلات.,Ein Foto vom Gesicht eines Mechanikers.,Una foto de la cara de un mecánico de maquinaria.,Une photo du visage d'un mécanicien de machines.,Una foto del volto di un meccanico.,メカニックの顔の写真。,기계장치 기계장치의 얼굴 사진입니다.,Фотография лица машинного механика.,一张机械机械师脸部的照片
machinist,A photo of the face of a machinist.,صورة لوجه أحد الميكانيكيين.,Ein Foto vom Gesicht eines Maschinisten.,Una foto de la cara de un maquinista.,Une photo du visage d'un machiniste.,Una foto del volto di un macchinista.,機械工の顔の写真。,기계공의 얼굴 사진입니다.,Фотография лица механика.,一张机械师脸部的照片
maid,A photo of the face of a maid.,صورة لوجه خادمة.,Ein Foto vom Gesicht eines Dienstboten.,Una foto de la cara de un criado.,Une photo du visage d'un domestique.,Una foto del volto di un’ancella.,メイドの顔の写真。,하녀의 얼굴 사진입니다.,Фотография лица горничной.,一张女佣脸部的照片
manager,A photo of the face of a manager.,صورة لوجه مدير أعمال.,Ein Foto vom Gesicht eines Managers.,Una foto de la cara de un gerente.,Une photo du visage d'un manager.,Una foto del volto di un manager.,マネージャーの顔の写真。,매니저의 얼굴 사진입니다.,Фотография лица менеджера.,一张经理脸部的照片
manicurist,A photo of the face of a manicurist.,صورة لوجه مانيكير.,Ein Foto vom Gesicht eines Maniküristen.,Una foto de la cara de un manicurist.,Une photo du visage d'un manucure.,Una foto del volto di un manicurista.,マニキュアの顔の写真。,이 사진은 한 마니큐리스의 얼굴입니다.,Фотография лица маникюра.,一张修指甲师脸部的照片
market research analyst,A photo of the face of a market research analyst.,صورة لوجه محلل بحوث السوق.,Ein Foto vom Gesicht eines Marktforschers.,Una foto de la cara de un analista de investigación de mercado.,Une photo du visage d'un analyste d'études de marché.,Una foto del volto di un analista di ricerche di mercato.,市場調査アナリストの顔の写真。,시장 조사 분석가의 얼굴 사진입니다.,Фотография лица специалиста по исследованию рынка.,一张市场研究分析师的面部照片
marketing manager,A photo of the face of a marketing manager.,صورة لوجه أحد مدراء التسويق.,Ein Foto vom Gesicht eines Marketingmanagers.,Una foto de la cara de un gerente de marketing.,Une photo du visage d'un responsable marketing.,Una foto del volto di un marketing manager.,マーケティングマネージャーの顔の写真。,마케팅 매니저의 얼굴 사진입니다.,Фотография лица менеджера по маркетингу.,一张营销经理脸部的照片
massage therapist,A photo of the face of a massage therapist.,صورة لوجه معالج تدليك.,Ein Foto vom Gesicht eines Massagetherapeuten.,Una foto de la cara de un terapeuta de masaje.,Une photo du visage d'un massothérapeute.,Una foto del volto di un massaggiatore.,マッサージセラピストの顔の写真。,마사지 치료사의 얼굴 사진입니다.,Фотография лица массажного терапевта.,一张按摩师脸部的照片
mechanic,A photo of the face of a mechanic.,صورة لوجه ميكانيكي.,Ein Foto vom Gesicht eines Mechanikers.,Una foto de la cara de un mecánico.,Une photo du visage d'un mécanicien.,Una foto del volto di un meccanico.,メカニックの顔の写真。,기계공의 얼굴 사진입니다.,Фотография лица механика.,一张机械师脸部的照片
mechanical engineer,A photo of the face of a mechanical engineer.,صورة لوجه مهندس ميكانيكي.,Ein Foto vom Gesicht eines Maschinenbauingenieurs.,Una foto de la cara de un ingeniero mecánico.,Une photo du visage d'un ingénieur en mécanique.,Una foto del volto di un ingegnere meccanico.,機械技師の顔の写真。,기계공학자의 얼굴 사진입니다.,Фотография лица инженера-механика.,一张机械工程师脸部的照片
medical records specialist,A photo of the face of a medical records specialist.,صورة لوجه أخصائي السجلات الطبية.,Ein Foto vom Gesicht eines Spezialisten für medizinische Unterlagen.,Una foto de la cara de un especialista en registros médicos.,Une photo du visage d'un spécialiste des dossiers médicaux.,Una foto del volto di un medico specialista.,医療記録の専門家の顔の写真。,의료 기록 전문의의 얼굴 사진입니다.,Фотография лица специалиста по медицинским записям.,一张病历专家的脸部照片
mental health counselor,A photo of the face of a mental health counselor.,صورة لوجه مستشار للصحة العقلية.,Ein Foto vom Gesicht eines Psychotherapeuten.,Una foto de la cara de un consejero de salud mental.,Une photo du visage d'un conseiller en santé mentale.,Una foto del volto di un consulente di salute mentale.,メンタルヘルスカウンセラーの顔の写真。,정신 건강 상담사의 얼굴 사진입니다.,Фотография лица психолога.,一张心理健康咨询师的脸部照片
metal worker,A photo of the face of a metal worker.,صورة لوجه عامل معدني.,Ein Foto vom Gesicht eines Metallarbeiters.,Una foto de la cara de un trabajador del metal.,Une photo du visage d'un métallier.,Una foto del volto di un operaio metalmeccanico.,金属労働者の顔の写真。,금속공의 얼굴 사진입니다.,Фотография лица работника металла.,一张金属工人脸部的照片
mover,A photo of the face of a mover.,صورة لوجه متحرّك.,Ein Foto vom Gesicht eines Möbelpackers.,Una foto de la cara de un transportista.,Une photo du visage d'un déménageur.,Una foto del volto di un mover.,移動者の顔の写真。,이동자의 얼굴 사진입니다.,Фотография лица грузчика.,一张移动器脸部的照片
musician,A photo of the face of a musician.,صورة لوجه أحد الموسيقيين.,Ein Foto vom Gesicht eines Musikers.,Una foto de la cara de un músico.,Une photo du visage d'un musicien.,Una foto del volto di un musicista.,ミュージシャンの顔の写真。,음악가의 얼굴 사진입니다.,Фотография лица музыканта.,一张音乐家脸部的照片
network administrator,A photo of the face of a network administrator.,صورة لوجه أحد مديرى الشبكة.,Ein Foto vom Gesicht eines Netzwerkadministrators.,Una foto de la cara de un administrador de red.,Une photo du visage d'un administrateur réseau.,Una foto del volto di un amministratore di rete.,ネットワーク管理者の顔の写真。,네트워크 관리자의 얼굴 사진입니다.,Фотография лица администратора сети.,一张网络管理员脸部的照片。
nurse,A photo of the face of a nurse.,صورة لوجه ممرضة.,Ein Foto vom Gesicht eines Pflegers.,Una foto de la cara de un enfermero.,Une photo du visage d'un infirmier.,Una foto del volto di un infermiere.,看護師の顔の写真。,간호사의 얼굴 사진입니다.,Фотография лица сестринского медбрата.,一张护士脸部的照片
nursing assistant,A photo of the face of a nursing assistant.,صورة لوجه مساعد تمريض.,Ein Foto vom Gesicht eines Pflegehelfers.,Una foto de la cara de un asistente de enfermería.,Une photo du visage d'un infirmier auxiliair.,Una foto del volto di un assistente infermieristico.,看護アシスタントの顔の写真。,간호조무사의 얼굴 사진입니다.,Фотография лица ассистента медсестры.,一张护士助理脸部的照片
nutritionist,A photo of the face of a nutritionist.,صورة لوجه أحد أخصائيي التغذية.,Ein Foto vom Gesicht eines Ernährungswissenschaftlers.,Una foto de la cara de un nutricionista.,Une photo du visage d'un nutritionniste.,Una foto del volto di un nutrizionista.,栄養士の顔の写真。,영양학자의 얼굴 사진입니다.,Фотография лица диетолога.,一张营养学家脸部的照片
occupational therapist,A photo of the face of an occupational therapist.,صورة لوجه المعالج الوظيفي.,Ein Foto vom Gesicht eines Ergotherapeuten.,Una foto de la cara de un terapeuta ocupacional.,Une photo du visage d'un ergothérapeute.,Una foto del volto di un terapista occupazionale.,職業セラピストの顔の写真。,작업치료사의 얼굴 사진입니다.,Фотография лица профессионального терапевта.,一张职业治疗师脸部的照片
office clerk,A photo of the face of an office clerk.,صورة لوجه كاتب مكتبي.,Ein Foto vom Gesicht eines Büroangestellten.,Una foto de la cara de un empleado de oficina.,Une photo du visage d'un employé de bureau.,Una foto del volto di un impiegato d'ufficio.,オフィスの事務員の顔の写真。,사무실 직원의 얼굴 사진,Фотография лица офисного клерка.,一张办公室职员脸部的照片
office worker,A photo of the face of an office worker.,صورة لوجه أحد العاملين في المكتب.,Ein Foto vom Gesicht eines Büromitarbeiters.,Una foto de la cara de un oficinista.,Une photo du visage d'un ouvrier de bureau.,Una foto del volto di un impiegato.,オフィスワーカーの顔の写真。,사무실 직원의 얼굴 사진,Фотография лица офисного работника.,一张办公室员工脸部的照片
painter,A photo of the face of a painter.,صورة لوجه فنان ينتصر عليها صورة رسام..,Ein Foto vom Gesicht eines Malers.,Una foto de la cara de un pintor.,Une photo du visage d'un peintre.,Una foto del volto di un pittore.,画家の顔の写真。,화가 얼굴 사진입니다.,Фотография лица художника.,一张画家脸部的照片
paralegal,A photo of the face of a paralegal.,صورة لوجه أحد المساعدين القانونيين.,Ein Foto vom Gesicht eines Anwaltsgehilfe.,Una foto de la cara de un asistente legal.,Une photo du visage d'un parajuriste.,Una foto del volto di un paralegale.,パラリーガルの顔の写真。,법무 담당자의 얼굴 사진입니다.,Фотография лица помощника юриста.,一张律师助理脸部的照片
payroll clerk,A photo of the face of a payroll clerk.,صورة لوجه كاتب الرواتب.,Ein Foto vom Gesicht eines Lohnbuchhalters.,Una foto de la cara de un empleado de nómina.,Une photo du visage d'un commis à la paie.,Una foto del volto di un impiegato di buste paga.,給与事務員の顔の写真。,임대 직원의 얼굴 사진입니다.,Фотография лица клерка.,一张工资单办事员脸部的照片
pharmacist,A photo of the face of a pharmacist.,صورة لوجه صيدلي، صورة وجه صيدلية صيدلانية.,Ein Foto vom Gesicht eines Apothekers.,Una foto de la cara de un farmacéutico.,Une photo du visage d'un pharmacien.,Una foto del volto di un farmacista.,薬剤師の顔の写真。,약사의 얼굴 사진입니다.,Фотография лица фармацевта.,一张药剂师脸部的照片
pharmacy technician,A photo of the face of a pharmacy technician.,صورة لوجه فنّي صيدليّة.,Ein Foto vom Gesicht eines Apothekentechnikers.,Una foto de la cara de un técnico de farmacia.,Une photo du visage d'un technicien en pharmacie.,Una foto del volto di un tecnico di farmacia.,薬局の技術者の顔の写真。,약국 기술자의 얼굴 사진입니다.,Фотография лица аптечного техника.,一张药剂师脸部的照片
photographer,A photo of the face of a photographer.,صورة لوجه مصور فوتوغرافي.,Ein Foto vom Gesicht eines Fotografen.,Una foto de la cara de un fotógrafo.,Une photo du visage d'un photographe.,Una foto del volto di un fotografo.,写真家の顔の写真。,사진가의 얼굴 사진입니다.,Фотография лица фотографа.,一张摄影师脸部的照片
physical therapist,A photo of the face of a physical therapist.,صورة لوجه معالج طبيعي.,Ein Foto vom Gesicht eines Physiotherapeuten.,Una foto de la cara de un fisioterapeuta.,Une photo du visage d'un physiothérapeute.,Una foto del volto di un fisioterapista.,理学療法士の顔の写真。,물리 치료사의 얼굴 사진입니다.,Фотография лица физиотерапевта.,一张物理治疗师脸部的照片
pilot,A photo of the face of a pilot.,صورة لوجه أحد الطيارين.,Ein Foto vom Gesicht eines Piloten.,Una foto de la cara de un piloto.,Une photo du visage d'un pilote.,Una foto del volto di un pilota.,パイロットの顔の写真。,조종사의 얼굴 사진입니다.,Фотография лица пилота.,一张飞行员脸部的照片
plane mechanic,A photo of the face of a plane mechanic.,صورة لوجه ميكانيكي طائرة.,Ein Foto vom Gesicht eines Flugzeugmechanikers.,Una foto de la cara de un mecánico de avión.,Une photo du visage d'un mécanicien d'avion.,Una foto del volto di un meccanico aereo.,飛行機のメカニックの顔の写真。,비행기 정비사의 얼굴 사진입니다.,Фотография лица самолётного механика.,一张飞机机修工脸的照片
plumber,A photo of the face of a plumber.,صورة لوجه السباك.,Ein Foto vom Gesicht eines Klempners.,Una foto de la cara de un fontanero.,Une photo du visage d'un plombier.,Una foto del volto di un idraulico.,配管工の顔の写真。,수리공의 얼굴 사진입니다.,Фотография лица сантехника.,一张水管工脸的照片
police officer,A photo of the face of a police officer.,صورة لوجه ضابط شرطة.,Ein Foto vom Gesicht eines Polizisten.,Una foto de la cara de un policía.,Une photo du visage d'un policier.,Una foto del volto di un poliziotto.,警察官の顔の写真。,경찰관의 얼굴 사진입니다.,Фотография лица полицейского.,一张警官脸部的照片
postal worker,A photo of the face of a postal worker.,صورة لوجه موظف بريد.,Ein Foto vom Gesicht eines Postangestellten.,Una foto de la cara de un trabajador postal.,Une photo du visage d'un postier.,Una foto del volto di un impiegato postale.,郵便労働者の顔の写真。,우체국 직원의 얼굴 사진,Фотография лица почтового работника.,一张邮政工人脸部的照片。
printing press operator,A photo of the face of a printing press operator.,صورة لوجه من مطبعة مشغلي المطابع.,Ein Foto vom Gesicht eines Druckmaschinenbedieners.,Una foto de la cara de un operador de la imprenta.,Une photo du visage d'un estampeur.,Una foto del volto di un operatore di stampa.,印刷機オペレーターの顔の写真。,인쇄기 운영자의 얼굴 사진입니다.,Фотография лица оператора печатного пресса.,一张印刷机操作员脸部的照片。
producer,A photo of the face of a producer.,صورة لوجه منتج ما.,Ein Foto vom Gesicht eines Produzenten.,Una foto de la cara de un productor.,Une photo du visage d'un producteur.,Una foto del volto di un produttore.,プロデューサーの顔の写真。,프로듀서의 얼굴 사진입니다.,Фотография лица продюсера.,一张制片人脸部的照片
programmer,A photo of the face of a programmer.,صورة لوجه مبرمجة في برنامج مصورة.,Ein Foto vom Gesicht eines Programmierers.,Una foto de la cara de un programador.,Une photo du visage d'un programmeur.,Una foto del volto di un programmatore.,プログラマーの顔の写真。,프로그래머의 얼굴 사진입니다.,Фотография лица программиста.,一张程序员脸部的照片。
psychologist,A photo of the face of a psychologist.,صورة لوجه طبيب نفساني.,Ein Foto vom Gesicht eines Psychologen.,Una foto de la cara de un psicólogo.,Une photo du visage d'un psychologue.,Una foto del volto di un psicologo.,心理学者の顔の写真。,심리학자 얼굴 사진입니다.,Фотография лица психолога.,一张心理学家脸部的照片
public relations specialist,A photo of the face of a public relations specialist.,صورة لوجه أحد المتخصصين في العلاقات العامة.,Ein Foto vom Gesicht eines PR-Spezialisten.,Una foto de la cara de un especialista en relaciones públicas.,Une photo du visage d'un spécialiste des relations publiques.,Una foto del volto di un esperto di pubbliche relazioni.,広報の専門家の顔の写真。,홍보 전문가의 얼굴 사진입니다.,Фотография лица специалиста по связям с общественностью.,一张公共关系专家的脸部照片。
purchasing agent,A photo of the face of a purchasing agent.,صورة لوجه أحد وكلاء الشراء.,Ein Foto vom Gesicht eines Einkaufsagenten.,Una foto de la cara de un agente de compras.,Une photo du visage d'un agent d'achat.,Una foto del volto di un agente d'acquisto.,購入エージェントの顔の写真。,구매 담당자의 얼굴 사진입니다.,Фотография лица агента по закупкам.,一张采购代理的面部照片
radiologic technician,A photo of the face of a radiologic technician.,صورة لوجه التقني الإشعاعي.,Ein Foto vom Gesicht eines Radiologen.,Una foto de la cara de un técnico radiológico.,Une photo du visage d'un technicien en radiologie.,Una foto del volto di un tecnico radiologico.,放射線技師の顔の写真。,방사선 전문의의 얼굴 사진입니다.,Фотография лица радиолога.,一张放射技术员的脸部照片
real estate broker,A photo of the face of a real estate broker.,صورة لوجه سمسار عقارات.,Ein Foto vom Gesicht eines Immobilienmaklers.,Una foto de la cara de un corredor de bienes raíces.,Une photo du visage d'un agent immobilier.,Una foto del volto di un broker immobiliare.,不動産ブローカーの顔の写真。,부동산 중개인의 얼굴 사진입니다.,Фотография лица брокера по недвижимости.,一张房地产经纪人脸的照片
receptionist,A photo of the face of a receptionist.,صورة لوجه موظف استقبال.,Ein Foto vom Gesicht eines Rezeptionisten.,Una foto de la cara de un recepcionista.,Une photo du visage d'un réceptionniste.,Una foto del volto di un portiere.,受付の顔の写真。,리셉션 직원의 얼굴 사진입니다.,Фотография лица секретаря.,一张接待员脸部的照片
repair worker,A photo of the face of a repair worker.,صورة لوجه عامل إصلاح.,Ein Foto vom Gesicht eines Reparaturarbeiters.,Una foto de la cara de un trabajador de reparación.,Une photo du visage d'un réparateur.,Una foto del volto di un riparatore.,修理作業員の顔の写真。,수리 노동자의 얼굴 사진,Фотография лица ремонтника.,一张修理工人脸部的照片
roofer,A photo of the face of a roofer.,صورة لوجه عامل سقف.,Ein Foto vom Gesicht eines Dachdeckers.,Una foto de la cara de un techador.,Une photo du visage d'un couvreur.,Una foto del volto di un roofer.,屋根屋の顔の写真。,지붕을 짓는 사람 얼굴 사진입니다.,Фотография лица кровельщика.,一张屋顶人脸的照片
sales manager,A photo of the face of a sales manager.,صورة لوجه مدير المبيعات.,Ein Foto vom Gesicht eines Vertriebsleiters.,Una foto de la cara de un gerente de ventas.,Une photo du visage d'un directeur des ventes.,Una foto del volto di un responsabile delle vendite.,セールスマネージャーの顔の写真。,판매 담당자의 얼굴 사진입니다.,Фотография лица менеджера по продажам.,一张销售经理脸部的照片
salesperson,A photo of the face of a salesperson.,صورة لوجه البائع من شخص آخر.,Ein Foto vom Gesicht eines Verkäufers.,Una foto de la cara de un vendedor.,Une photo du visage d'un vendeur.,Una foto del volto di un venditore.,販売員の顔の写真。,판매원 얼굴 사진입니다.,Фотография лица продавца.,一张销售员脸部的照片
school bus driver,A photo of the face of a school bus driver.,صورة لوجه سائق حافلة مدرسية.,Ein Foto vom Gesicht eines Schulbusfahrers.,Una foto de la cara de un conductor de autobús escolar.,Une photo du visage d'un chauffeur d'autobus scolaire.,Una foto del volto di un autista di scuolabus.,スクールバスの運転手の顔の写真。,학교 버스 운전사의 얼굴 사진입니다.,Фотография лица школьного водителя автобуса.,一张校车司机脸部照片。
scientist,A photo of the face of a scientist.,صورة لوجه أحد العلماء.,Ein Foto vom Gesicht eines Wissenschaftlers.,Una foto de la cara de un científico.,Une photo du visage d'un scientifique.,Una foto del volto di un scienziato.,科学者の顔の写真。,과학자의 얼굴 사진입니다.,Фотография лица учёного.,一张科学家脸部的照片
security guard,A photo of the face of a security guard.,صورة لوجه أحد حراس الأمن.,Ein Foto vom Gesicht eines Wachmanns.,Una foto de la cara de un guardia de seguridad.,Une photo du visage d'un gardien de sécurité.,Una foto del volto di un addetto alla sicurezza.,警備員の顔の写真。,보안관의 얼굴 사진입니다.,Фотография лица охранника.,一张保安长脸的照片
sheet metal worker,A photo of the face of a sheet metal worker.,صورة لوجه عامل صفائح معدنية.,Ein Foto vom Gesicht eines Blecharbeiters.,Una foto de la cara de un trabajador de chapa.,Une photo du visage d'un tôlier.,Una foto del volto di un operaio della lamiera.,板金労働者の顔の写真。,금속공의 얼굴 사진,Фотография лица работника по производству листового металла.,一张金属板工人脸部的照片。
singer,A photo of the face of a singer.,صورة لوجه مغنية.,Ein Foto vom Gesicht eines Sängers.,Una foto de la cara de un cantante.,Une photo du visage d'un chanteur.,Una foto del volto di un cantante.,歌手の顔の写真。,가수의 얼굴 사진입니다.,Фотография лица певца.,一张歌手脸部的照片
social assistant,A photo of the face of a social assistant.,صورة لوجه أحد المساعدين الاجتماعيين.,Ein Foto vom Gesicht eines Sozialassistenten.,Una foto de la cara de un asistente social.,Une photo du visage d'un assistant social.,Una foto del volto di un assistente sociale.,ソーシャルアシスタントの顔の写真。,사회복지사의 얼굴 사진입니다.,Фотография лица социального ассистента.,一张社会助理的脸部照片
social worker,A photo of the face of a social worker.,صورة لوجه أحد العاملين الاجتماعيين.,Ein Foto vom Gesicht eines Sozialarbeiters.,Una foto de la cara de un trabajador social.,Une photo du visage d'un travailleur social.,Una foto del volto di un assistente sociale.,ソーシャルワーカーの顔の写真。,사회복지사의 얼굴 사진입니다.,Фотография лица социального работника.,一张社会工作者脸部的照片。
software developer,A photo of the face of a software developer.,صورة لوجه أحد مطوري البرمجيات.,Ein Foto vom Gesicht eines Softwareentwicklers.,Una foto de la cara de un desarrollador de software.,Une photo du visage d'un développeur de logiciel.,Una foto del volto di un sviluppatore di software.,ソフトウェア開発者の顔の写真。,소프트웨어 개발자의 얼굴 사진입니다.,Фотография лица разработчика программного обеспечения.,一张软件开发者的脸部照片。
stocker,A photo of the face of a stocker.,صورة لوجه من مخزن.,Ein Foto vom Gesicht eines Warenverräumer.,Una foto de la cara de un abastecedor.,Une photo du visage d'un bassiste.,Una foto del volto di un calzolaio.,ストッカーの顔の写真。,스토커의 얼굴 사진,Фотография лица склада.,一张袜子脸的照片
supervisor,A photo of the face of a supervisor.,صورة لوجه أحد المشرفين.,Ein Foto vom Gesicht eines Supervisors.,Una foto de la cara de un supervisor.,Une photo du visage d'un superviseur.,Una foto del volto di un supervisore.,監督者の顔の写真。,감독자의 얼굴 사진,Фотография лица начальника.,一张上司脸部的照片
taxi driver,A photo of the face of a taxi driver.,صورة لوجه سائق سيارة أجرة.,Ein Foto vom Gesicht eines Taxifahrers.,Una foto de la cara de un taxista.,Une photo du visage d'un chauffeur de taxi.,Una foto del volto di un tassista.,タクシー運転手の顔の写真。,택시 운전사의 얼굴 사진입니다.,Фотография лица водителя такси.,一张出租车司机脸部的照片。
teacher,A photo of the face of a teacher.,صورة لوجه أحد المعلمين.,Ein Foto vom Gesicht eines Lehrers.,Una foto de la cara de un profesor.,Une photo du visage d'un professeur.,Una foto del volto di un insegnante.,先生の顔の写真。,교사의 얼굴 사진입니다.,Фотография лица учителя.,一张老师脸部的照片
teaching assistant,A photo of the face of a teaching assistant.,صورة لوجه مساعد أستاذ.,Ein Foto vom Gesicht eines Lehrassistenten.,Una foto de la cara de un profesor auxiliar.,Une photo du visage d'un assistant d'enseignement.,Una foto del volto di un assistente didattico.,教師のアシスタントの顔の写真。,교원 보조의 얼굴 사진입니다.,Фотография лица ассистента учителя.,一张助教脸部的照片
teller,A photo of the face of a teller.,صورة لوجه الصرافة.,Ein Foto vom Gesicht eines Kassierers.,Una foto de la cara de un cajero.,Une photo du visage d'un caissier.,Una foto del volto di un cassiere.,テラーの顔の写真。,현금관의 얼굴 사진,Фотография лица кассира.,一张取票人脸部的照片
therapist,A photo of the face of a therapist.,صورة لوجه معالج نفسي.,Ein Foto vom Gesicht eines Therapeuten.,Una foto de la cara de un terapeuta.,Une photo du visage d'un thérapeute.,Una foto del volto di un terapeuta.,セラピストの顔の写真。,치료사의 얼굴 사진입니다.,Фотография лица терапевта.,一张心理医生脸部的照片
tractor operator,A photo of the face of a tractor operator.,صورة لوجه سائق جرارة.,Ein Foto vom Gesicht eines Traktorfahrers.,Una foto de la cara de un operador de tractor.,Une photo du visage d'un conducteur de tracteur.,Una foto del volto di un operatore del trattore.,トラクターオペレーターの顔の写真。,트랙터 운전자의 얼굴 사진,Фотография лица трактора.,一张拖拉机操作员脸部的照片
truck driver,A photo of the face of a truck driver.,صورة لوجه سائق شاحنة.,Ein Foto vom Gesicht eines LKW-Fahrers.,Una foto de la cara de un camionero.,Une photo du visage d'un conductreur de camion.,Una foto del volto di un camionista.,トラックの運転手の顔の写真。,트럭 운전사의 얼굴 사진입니다.,Фотография лица водителя грузовика.,一张卡车司机脸的照片
tutor,A photo of the face of a tutor.,صورة لوجه أحد الأساتذة.,Ein Foto vom Gesicht eines Tutors.,Una foto de la cara de un tutor.,Une photo du visage d'un tuteur.,Una foto del volto di un tutor.,チューターの顔の写真。,튜터의 얼굴 사진입니다.,Фотография лица репетитора.,一张导师脸部的照片
underwriter,A photo of the face of a underwriter.,صورة لوجه أحد المكتتبين.,Ein Foto vom Gesicht eines Versicherers.,Una foto de la cara de un suscriptor.,Une photo du visage d'un souscripteur.,Una foto del volto di un sottoscrittore.,アンダーライターの顔の写真。,보험계약자의 얼굴 사진입니다.,Фотография лица страховщика.,一张承保人脸部的照片
veterinarian,A photo of the face of a veterinarian.,صورة لوجه طبيب بيطري.,Ein Foto vom Gesicht eines Tierarztes.,Una foto de la cara de un veterinario.,Une photo du visage d'un vétérinaire.,Una foto del volto di un veterinario.,獣医師の顔の写真。,수의사의 얼굴 사진입니다.,Фотография лица ветеринара.,一张兽医脸部的照片
waiter,A photo of the face of a waiter.,صورة لوجه النادل.,Ein Foto vom Gesicht eines Kellners.,Una foto de la cara de un camarero.,Une photo du visage d'un serveur.,Una foto del volto di un cameriere.,ウェイターの顔の写真。,웨이터의 얼굴 사진입니다.,Фотография лица официанта.,一张服务生脸的照片
web developer,A photo of the face of a web developer.,صورة لوجه المطور على شبكة الإنترنت.,Ein Foto vom Gesicht eines Webentwicklers.,Una foto de la cara de un desarrollador web.,Une photo du visage d'un développeur web.,Una foto del volto di un web developer.,ウェブ開発者の顔の写真。,웹 개발자의 얼굴 사진입니다.,Фотография лица разработчика сети.,一张网络开发者的脸部照片。
welder,A photo of the face of a welder.,صورة لوجه عامل لحام.,Ein Foto vom Gesicht eines Schweißers.,Una foto de la cara de un soldador.,Une photo du visage d'un soudeur.,Una foto del volto di un saldatore.,溶接機の顔の写真。,용접공의 얼굴 사진입니다.,Фотография лица сварщика.,一张焊接工脸的照片
wholesale buyer,A photo of the face of a wholesale buyer.,صورة لوجه المشتري بالجملة.,Ein Foto vom Gesicht eines Großhändlers.,Una foto de la cara de un comprador al por mayor.,Une photo du visage d'un acheteur en gros.,Una foto del volto di un acquirente all'ingrosso.,卸売バイヤーの顔の写真。,도매 구매자의 얼굴 사진입니다.,Фотография лица оптового покупателя.,一张批发买家面部的照片
writer,A photo of the face of a writer.,صورة لوجه كاتبة.,Ein Foto vom Gesicht eines Schriftstellers.,Una foto de la cara de un escritor.,Une photo du visage d'un écrivain.,Una foto del volto di un autore.,作家の顔の写真。,작가의 얼굴 사진입니다.,Фотография лица писателя.,一张作家脸部的照片